/*
 Navicat Premium Data Transfer

 Source Server         : localhost
 Source Server Type    : MySQL
 Source Server Version : 50621
 Source Host           : localhost
 Source Database       : scc

 Target Server Type    : MySQL
 Target Server Version : 50621
 File Encoding         : utf-8

 Date: 10/10/2017 14:13:23 PM
*/

SET NAMES utf8;
SET FOREIGN_KEY_CHECKS = 0;

-- ----------------------------
--  Table structure for `meeting`
-- ----------------------------
DROP TABLE IF EXISTS `meeting`;
CREATE TABLE `meeting` (
  `id` varchar(50) NOT NULL COMMENT '会议编码',
  `name` varchar(50) NOT NULL COMMENT '会议名称',
  `discribtion` varchar(500) DEFAULT NULL COMMENT '会议描述',
  `meetingDate` datetime NOT NULL COMMENT '会议时间',
  `site` varchar(200) NOT NULL COMMENT '会议地点',
  `division` varchar(50) NOT NULL COMMENT '会议部门',
  `comment` varchar(500) DEFAULT NULL COMMENT '说明',
  `pcode` varchar(50) DEFAULT NULL COMMENT '会议名称拼音码',
  `note` varchar(500) DEFAULT NULL COMMENT '注意事项',
  `owner` varchar(50) NOT NULL COMMENT '主持人',
  `category` varchar(50) DEFAULT NULL COMMENT '会议类型',
  `cvalue` int(11) DEFAULT NULL COMMENT '当前会议所属月/周',
  `status` varchar(50) DEFAULT NULL COMMENT '会议状态',
  `createUserId` varchar(50) NOT NULL COMMENT '创建人编码',
  `createUserName` varchar(50) NOT NULL COMMENT '创建人姓名',
  `createDate` datetime NOT NULL COMMENT '入库日期',
  `lastModifyUserId` varchar(50) DEFAULT NULL COMMENT '最后更新人编码',
  `lastModifyUserName` varchar(50) DEFAULT NULL COMMENT '最后更新人姓名',
  `lastModifyDate` timestamp NULL DEFAULT CURRENT_TIMESTAMP ON UPDATE CURRENT_TIMESTAMP COMMENT '最后更新时间',
  PRIMARY KEY (`id`),
  KEY `fk_meeting_dept_id_idx` (`division`),
  CONSTRAINT `fk_meeting_dept_id` FOREIGN KEY (`division`) REFERENCES `portal`.`department` (`department_id`) ON DELETE NO ACTION ON UPDATE NO ACTION
) ENGINE=InnoDB DEFAULT CHARSET=utf8 COMMENT='会议(meeting)';

-- ----------------------------
--  Records of `meeting`
-- ----------------------------
BEGIN;
INSERT INTO `meeting` VALUES ('0ef2bcdb-6f22-46f3-90e4-3b86bee420d2', 'CAC副本', 'CAC Meeting', '2017-04-29 19:00:46', 'HUA', '0002', 'ALL Member shut be in', 'CAC', 'ALL Member shut be in', '1490955807964', '1', '19', '2', '1493115984999', '电装运营管理员', '2017-04-29 19:05:26', '1493115984999', '电装运营管理员', '2017-10-05 09:58:23'), ('1493463925789', 'CAC', 'CAC Meeting', '2017-04-29 19:00:46', 'HUA', '0002', 'ALL Member shut be in', 'CAC', 'ALL Member shut be in', '1490955807964', '1', '19', '2', '1493115984999', '电装运营管理员', '2017-04-29 19:05:26', '1493115984999', '电装运营管理员', '2017-10-05 09:58:25'), ('1493463925790', 'CAC', 'CAC Meeting', '2017-04-29 19:00:46', 'HUA', '0002', 'ALL Member shut be in', 'CAC', 'ALL Member shut be in', '1490955807964', '1', '19', '2', '1493115984999', '电装运营管理员', '2017-04-29 19:05:26', '1493115984999', '电装运营管理员', '2017-10-05 09:58:27'), ('1493463925791', 'UBE', 'CAC Meeting', '2017-04-29 19:00:46', 'HUA', '0002', 'ALL Member shut be in', 'UBE', 'ALL Member shut be in', '1490955807964', '1', '19', '2', '1493115984999', '电装运营管理员', '2017-04-29 19:05:26', '1493115984999', '电装运营管理员', '2017-10-05 09:58:29'), ('1493463925792', 'KUI', 'CAC Meeting', '2017-04-29 19:00:46', 'HUA', '0002', 'ALL Member shut be in', 'EMS', 'ALL Member shut be in', '1490955807964', '1', '19', '1', '1493115984999', '电装运营管理员', '2017-04-29 19:05:26', '1493115984999', '电装运营管理员', '2017-10-05 09:58:30'), ('1493463925793', 'MNB', 'CAC Meeting', '2017-04-29 19:00:46', 'HUA', '0002', 'ALL Member shut be in', 'MNB', 'ALL Member shut be in', '1490955807964', '1', '19', '3', '1493115984999', '电装运营管理员', '2017-04-29 19:05:26', '1493115984999', '电装运营管理员', '2017-10-05 09:58:32');
COMMIT;

-- ----------------------------
--  Table structure for `meeting_topic`
-- ----------------------------
DROP TABLE IF EXISTS `meeting_topic`;
CREATE TABLE `meeting_topic` (
  `id` varchar(50) NOT NULL COMMENT '编码',
  `meetingId` varchar(50) NOT NULL COMMENT '会议编码',
  `topicId` varchar(50) NOT NULL COMMENT '议题编码',
  `owner` varchar(50) DEFAULT NULL COMMENT '负责人',
  `status` char(1) NOT NULL DEFAULT '1' COMMENT '状态',
  `createUserId` varchar(50) NOT NULL COMMENT '创建人编码',
  `createUserName` varchar(50) NOT NULL COMMENT '创建人姓名',
  `createDate` datetime NOT NULL COMMENT '入库日期',
  `lastModifyUserId` varchar(50) DEFAULT NULL COMMENT '最后更新人编码',
  `lastModifyUserName` varchar(50) DEFAULT NULL COMMENT '最后更新人姓名',
  `lastModifyDate` timestamp NULL DEFAULT CURRENT_TIMESTAMP ON UPDATE CURRENT_TIMESTAMP COMMENT '最后更新时间',
  PRIMARY KEY (`id`),
  KEY `fk_meeting_topic_cfg_meeting_id_idx` (`meetingId`),
  KEY `fk_meeting_topic_cfg_topic_id_idx` (`topicId`),
  CONSTRAINT `fk_meeting_topic_cfg_meeting_id` FOREIGN KEY (`meetingId`) REFERENCES `meeting` (`id`) ON DELETE NO ACTION ON UPDATE NO ACTION,
  CONSTRAINT `fk_meeting_topic_cfg_topic_id` FOREIGN KEY (`topicId`) REFERENCES `topic` (`id`) ON DELETE NO ACTION ON UPDATE NO ACTION
) ENGINE=InnoDB DEFAULT CHARSET=utf8 COMMENT='议程(meeting_topic_cfg)';

-- ----------------------------
--  Records of `meeting_topic`
-- ----------------------------
BEGIN;
INSERT INTO `meeting_topic` VALUES ('1fea6130-5642-4650-a8da-9e1c28ffbb25', '0ef2bcdb-6f22-46f3-90e4-3b86bee420d2', '1493192536171', '1490955807964', '1', '1493115984999', '电装运营管理员', '2017-05-07 09:58:19', null, null, '2017-09-28 09:35:56'), ('2b36099d-1e45-4df8-8643-8ada289d4a03', '0ef2bcdb-6f22-46f3-90e4-3b86bee420d2', '1493192488266', '00010001U0001', '1', '1493115984999', '电装运营管理员', '2017-05-07 09:58:19', null, null, '2017-05-07 19:35:15'), ('396e00ff-47f5-400d-9e04-d73145f5db5a', '1493463925789', '1493192507963', '1492869514868', '1', '1493115984999', '电装运营管理员', '2017-05-07 09:58:19', null, null, '2017-05-07 19:35:20'), ('452d4e51-1218-4177-aac9-a721f2469803', '1493463925789', '1493192536171', '1490955807964', '1', '1493115984999', '电装运营管理员', '2017-05-07 09:58:19', null, null, '2017-09-28 09:35:56'), ('741312e5-efea-4f4a-9c9b-63bd4e841980', '1493463925789', '1493192488266', '00010001U0001', '1', '1493115984999', '电装运营管理员', '2017-05-07 09:58:19', null, null, '2017-05-07 19:35:15'), ('842ca06b-6b98-4114-acdb-441be928c533', '0ef2bcdb-6f22-46f3-90e4-3b86bee420d2', '1493192521889', '1493115984999', '1', '1493115984999', '电装运营管理员', '2017-05-07 09:58:19', null, null, '2017-05-07 19:35:25'), ('b8904ca4-89cf-407e-a757-0bac7a4f35dd', '0ef2bcdb-6f22-46f3-90e4-3b86bee420d2', '1493192507963', '1492869514868', '1', '1493115984999', '电装运营管理员', '2017-05-07 09:58:19', null, null, '2017-05-07 19:35:20'), ('e3a2b3db-704d-4566-b2a8-9839148516ee', '1493463925789', '1493192521889', '1493115984999', '1', '1493115984999', '电装运营管理员', '2017-05-07 09:58:19', null, null, '2017-05-07 19:35:25');
COMMIT;

-- ----------------------------
--  Table structure for `meeting_user`
-- ----------------------------
DROP TABLE IF EXISTS `meeting_user`;
CREATE TABLE `meeting_user` (
  `id` varchar(50) NOT NULL COMMENT '编码',
  `meetingId` varchar(50) NOT NULL COMMENT '会议编码',
  `userId` varchar(50) NOT NULL COMMENT '员工编码',
  `mandatory` varchar(50) DEFAULT '1' COMMENT '是否必须出席',
  `present` varchar(50) DEFAULT '1' COMMENT '签到状态',
  `status` char(1) NOT NULL DEFAULT '1' COMMENT '状态',
  `createUserId` varchar(50) NOT NULL COMMENT '创建人编码',
  `createUserName` varchar(50) NOT NULL COMMENT '创建人姓名',
  `createDate` datetime NOT NULL COMMENT '入库日期',
  `lastModifyUserId` varchar(50) DEFAULT NULL COMMENT '最后更新人编码',
  `lastModifyUserName` varchar(50) DEFAULT NULL COMMENT '最后更新人姓名',
  `lastModifyDate` timestamp NULL DEFAULT CURRENT_TIMESTAMP ON UPDATE CURRENT_TIMESTAMP COMMENT '最后更新时间',
  PRIMARY KEY (`id`),
  KEY `meetingId` (`meetingId`),
  KEY `fk_attendance_user_id_idx` (`userId`),
  CONSTRAINT `fk_attendance_meeting_id` FOREIGN KEY (`meetingId`) REFERENCES `meeting` (`id`),
  CONSTRAINT `fk_attendance_user_id` FOREIGN KEY (`userId`) REFERENCES `portal`.`users` (`user_id`) ON DELETE NO ACTION ON UPDATE NO ACTION
) ENGINE=InnoDB DEFAULT CHARSET=utf8 COMMENT='出席人员设置(attendance)';

-- ----------------------------
--  Records of `meeting_user`
-- ----------------------------
BEGIN;
INSERT INTO `meeting_user` VALUES ('1ea5e983-5971-4229-a801-a722b5a4f047', '1493463925789', '1490955807964', 'YES', 'Justified', '1', '1493115984999', '电装运营管理员', '2017-05-07 10:01:49', null, null, '2017-05-11 22:16:12'), ('2283fc55-c700-4492-b7f3-672afbf04912', '0ef2bcdb-6f22-46f3-90e4-3b86bee420d2', '1490955807964', 'YES', 'Justified', '1', '1493115984999', '电装运营管理员', '2017-05-07 10:01:49', null, null, '2017-05-11 22:16:12'), ('5578b035-8ead-4fc1-aa09-0c9c36f90ef7', '1493463925789', '1490955807964', 'YES', 'Justified', '1', '1493115984999', '电装运营管理员', '2017-05-07 10:01:49', null, null, '2017-10-05 09:57:44'), ('ee6ef318-14ef-453d-ae3c-7f33e7893c9e', '0ef2bcdb-6f22-46f3-90e4-3b86bee420d2', '1490955807964', 'YES', 'Justified', '1', '1493115984999', '电装运营管理员', '2017-05-07 10:01:49', null, null, '2017-10-05 09:57:44');
COMMIT;

-- ----------------------------
--  Table structure for `norm`
-- ----------------------------
DROP TABLE IF EXISTS `norm`;
CREATE TABLE `norm` (
  `id` varchar(50) NOT NULL COMMENT '指标编码',
  `name` varchar(50) NOT NULL COMMENT '指标名称',
  `remark` longtext COMMENT '说明',
  `category` varchar(50) NOT NULL COMMENT '指标分类',
  `groups` varchar(50) DEFAULT NULL COMMENT '指标分组',
  `deptId` varchar(50) DEFAULT NULL COMMENT '归属部门',
  `calType` char(1) NOT NULL COMMENT '指标计算类型',
  `pcode` varchar(50) DEFAULT NULL COMMENT '拼音码',
  `status` char(1) NOT NULL DEFAULT '1' COMMENT '状态',
  `createUserId` varchar(50) NOT NULL COMMENT '创建人编码',
  `createUserName` varchar(50) NOT NULL COMMENT '创建人姓名',
  `createDate` datetime NOT NULL COMMENT '入库日期',
  `lastModifyUserId` varchar(50) DEFAULT NULL COMMENT '最后更新人编码',
  `lastModifyUserName` varchar(50) DEFAULT NULL COMMENT '最后更新人姓名',
  `lastModifyDate` timestamp NULL DEFAULT CURRENT_TIMESTAMP ON UPDATE CURRENT_TIMESTAMP COMMENT '最后更新时间',
  PRIMARY KEY (`id`)
) ENGINE=InnoDB DEFAULT CHARSET=utf8 COMMENT='指标(norm)';

-- ----------------------------
--  Records of `norm`
-- ----------------------------
BEGIN;
INSERT INTO `norm` VALUES ('1493176260925', '无线DDR', '无线DDR', '1', '01', '0001', '2', 'wxDDR', '1', '1493115984999', '电桩运营管理员', '2017-04-26 11:11:01', null, null, null), ('1493198776966', '绕线不好', '', '1', null, '0001', '1', 'rxbh', '1', '1493115984999', '电桩运营管理员', '2017-04-26 17:26:17', null, null, null), ('1493198794878', '表面不好', '', '2', null, '0001', '1', 'bmbh', '1', '1493115984999', '电桩运营管理员', '2017-04-26 17:26:35', '1493115984999', '电桩运营管理员', '2017-04-26 17:55:55'), ('1493198827171', '起泡分层', '', '3', null, '0001', '1', 'qpfc', '1', '1493115984999', '电桩运营管理员', '2017-04-26 17:27:07', '1493115984999', '电桩运营管理员', '2017-04-26 17:55:49'), ('1493198852209', '厚', '', '3', null, '0001', '1', 'h', '1', '1493115984999', '电桩运营管理员', '2017-04-26 17:27:32', '1493115984999', '电桩运营管理员', '2017-04-26 17:55:41'), ('1493198880510', '不附胶', '', '2', null, '0001', '1', 'bfj', '1', '1493115984999', '电桩运营管理员', '2017-04-26 17:28:01', '1493115984999', '电桩运营管理员', '2017-04-26 17:55:32'), ('1493266213037', '漏电', '', '1', null, '0001', '1', 'ld', '1', '1493115984999', '电桩运营管理员', '2017-04-27 12:10:13', null, null, null), ('1493266348554', '娄边', '', '1', null, '0001', '1', 'lb', '1', '1493115984999', '电桩运营管理员', '2017-04-27 12:12:29', null, null, null), ('1493266368068', '开封', '', '1', null, '0001', '1', 'kf', '1', '1493115984999', '电桩运营管理员', '2017-04-27 12:12:48', null, null, null), ('1493266440141', '裂纹', '', '1', null, '0001', '1', 'lw', '1', '1493115984999', '电桩运营管理员', '2017-04-27 12:14:00', null, null, null), ('1493266455256', '杂质', '', '1', null, '0001', '1', 'zz', '1', '1493115984999', '电桩运营管理员', '2017-04-27 12:14:15', null, null, null), ('1493266470177', '杂件', '', '1', null, '0001', '1', 'zj', '1', '1493115984999', '电桩运营管理员', '2017-04-27 12:14:30', null, null, null), ('1493266595986', 'IPC-CH-A', '', '1', null, '0001', '1', 'IPC-CH-A', '1', '1493115984999', '电桩运营管理员', '2017-04-27 12:16:36', null, null, null), ('1493266609514', 'IPC-CH—B', '', '1', null, '0001', '1', 'IPC-CH—B', '1', '1493115984999', '电桩运营管理员', '2017-04-27 12:16:50', null, null, null), ('1493266616425', 'IPC-CH—C', '', '1', null, '0001', '1', 'IPC-CH—C', '1', '1493115984999', '电桩运营管理员', '2017-04-27 12:16:56', null, null, null), ('1493266622132', 'IPC-CH—D', '', '1', null, '0001', '1', 'IPC-CH—D', '1', '1493115984999', '电桩运营管理员', '2017-04-27 12:17:02', null, null, null), ('1493266628502', 'IPC-CH—E', '', '1', null, '0001', '1', 'IPC-CH—E', '1', '1493115984999', '电桩运营管理员', '2017-04-27 12:17:09', null, null, null), ('1493266634316', 'IPC-CH—F', '', '1', null, '0001', '1', 'IPC-CH—F', '1', '1493115984999', '电桩运营管理员', '2017-04-27 12:17:14', null, null, null);
COMMIT;

-- ----------------------------
--  Table structure for `norm_cfg`
-- ----------------------------
DROP TABLE IF EXISTS `norm_cfg`;
CREATE TABLE `norm_cfg` (
  `id` varchar(50) NOT NULL COMMENT '编码',
  `normId` varchar(50) NOT NULL COMMENT '指标编码',
  `year` varchar(50) NOT NULL COMMENT '指标年度',
  `indexValue` decimal(10,2) NOT NULL COMMENT '指标值',
  `value1` decimal(10,2) NOT NULL COMMENT '第一季度指标',
  `value2` decimal(10,2) NOT NULL COMMENT '第二季度指标',
  `value3` decimal(10,2) NOT NULL COMMENT '第三季度指标',
  `value4` decimal(10,2) NOT NULL COMMENT '第四季度指标',
  `status` char(1) NOT NULL DEFAULT '1' COMMENT '状态',
  `createUserId` varchar(50) NOT NULL COMMENT '创建人编码',
  `createUserName` varchar(50) NOT NULL COMMENT '创建人姓名',
  `createDate` datetime NOT NULL COMMENT '入库日期',
  `lastModifyUserId` varchar(50) DEFAULT NULL COMMENT '最后更新人编码',
  `lastModifyUserName` varchar(50) DEFAULT NULL COMMENT '最后更新人姓名',
  `lastModifyDate` timestamp NULL DEFAULT CURRENT_TIMESTAMP ON UPDATE CURRENT_TIMESTAMP COMMENT '最后更新时间',
  PRIMARY KEY (`id`),
  KEY `normId` (`normId`),
  CONSTRAINT `pk_norm_cfg_norm_id` FOREIGN KEY (`normId`) REFERENCES `norm` (`id`)
) ENGINE=InnoDB DEFAULT CHARSET=utf8;

-- ----------------------------
--  Records of `norm_cfg`
-- ----------------------------
BEGIN;
INSERT INTO `norm_cfg` VALUES ('a299ebb3-2954-4686-b543-52e02c9c61be', '1493176260925', '2017', '0.03', '0.03', '0.03', '0.04', '0.03', '1', '1493115984999', '电桩运营管理员', '2017-04-26 13:07:39', null, null, '2017-10-05 13:20:36'), ('aa6e5887-d2fa-4817-b2cb-4359771184f8', '1493176260925', '2016', '98.00', '0.00', '0.00', '0.00', '0.00', '1', '1493115984999', '电桩运营管理员', '2017-04-26 13:09:04', null, null, '2017-04-26 14:24:59');
COMMIT;

-- ----------------------------
--  Table structure for `norm_data`
-- ----------------------------
DROP TABLE IF EXISTS `norm_data`;
CREATE TABLE `norm_data` (
  `id` varchar(50) NOT NULL COMMENT '编码',
  `meetingId` varchar(50) NOT NULL COMMENT '会议编码',
  `topicId` varchar(50) NOT NULL COMMENT '议题编码',
  `normId` varchar(50) NOT NULL COMMENT '指标编码',
  `productId` varchar(50) DEFAULT NULL COMMENT '产品编号',
  `year` int(11) NOT NULL COMMENT '年度',
  `lastYear` decimal(20,4) DEFAULT NULL COMMENT '上年度指标',
  `wkt1` decimal(20,4) DEFAULT NULL COMMENT 'wkt1',
  `wkt2` decimal(20,4) DEFAULT NULL COMMENT 'wkt2',
  `wkt3` decimal(20,4) DEFAULT NULL COMMENT 'wkt3',
  `wkt4` decimal(20,4) DEFAULT NULL COMMENT 'wkt4',
  `wkt5` decimal(20,4) DEFAULT NULL COMMENT 'wkt5',
  `wkt6` decimal(20,4) DEFAULT NULL COMMENT 'wkt6',
  `wkt7` decimal(20,4) DEFAULT NULL COMMENT 'wkt7',
  `wkt8` decimal(20,4) DEFAULT NULL COMMENT 'wkt8',
  `wkt9` decimal(20,4) DEFAULT NULL COMMENT 'wkt9',
  `wkt10` decimal(20,4) DEFAULT NULL COMMENT 'wkt10',
  `wkt11` decimal(20,4) DEFAULT NULL COMMENT 'wkt11',
  `wkt12` decimal(20,4) DEFAULT NULL COMMENT 'wkt12',
  `wkt13` decimal(20,4) DEFAULT NULL COMMENT 'wkt13',
  `wkt14` decimal(20,4) DEFAULT NULL COMMENT 'wkt14',
  `wkt15` decimal(20,4) DEFAULT NULL COMMENT 'wkt15',
  `wkt16` decimal(20,4) DEFAULT NULL COMMENT 'wkt16',
  `wkt17` decimal(20,4) DEFAULT NULL COMMENT 'wkt17',
  `wkt18` decimal(20,4) DEFAULT NULL COMMENT 'wkt18',
  `wkt19` decimal(20,4) DEFAULT NULL COMMENT 'wkt19',
  `wkt20` decimal(20,4) DEFAULT NULL COMMENT 'wkt20',
  `wkt21` decimal(20,4) DEFAULT NULL COMMENT 'wkt21',
  `wkt22` decimal(20,4) DEFAULT NULL COMMENT 'wkt22',
  `wkt23` decimal(20,4) DEFAULT NULL COMMENT 'wkt23',
  `wkt24` decimal(20,4) DEFAULT NULL COMMENT 'wkt24',
  `wkt25` decimal(20,4) DEFAULT NULL COMMENT 'wkt25',
  `wkt26` decimal(20,4) DEFAULT NULL COMMENT 'wkt26',
  `wkt27` decimal(20,4) DEFAULT NULL COMMENT 'wkt27',
  `wkt28` decimal(20,4) DEFAULT NULL COMMENT 'wkt28',
  `wkt29` decimal(20,4) DEFAULT NULL COMMENT 'wkt29',
  `wkt30` decimal(20,4) DEFAULT NULL COMMENT 'wkt30',
  `wkt31` decimal(20,4) DEFAULT NULL COMMENT 'wkt31',
  `wkt32` decimal(20,4) DEFAULT NULL COMMENT 'wkt32',
  `wkt33` decimal(20,4) DEFAULT NULL COMMENT 'wkt33',
  `wkt34` decimal(20,4) DEFAULT NULL COMMENT 'wkt34',
  `wkt35` decimal(20,4) DEFAULT NULL COMMENT 'wkt35',
  `wkt36` decimal(20,4) DEFAULT NULL COMMENT 'wkt36',
  `wkt37` decimal(20,4) DEFAULT NULL COMMENT 'wkt37',
  `wkt38` decimal(20,4) DEFAULT NULL COMMENT 'wkt38',
  `wkt39` decimal(20,4) DEFAULT NULL COMMENT 'wkt39',
  `wkt40` decimal(20,4) DEFAULT NULL COMMENT 'wkt40',
  `wkt41` decimal(20,4) DEFAULT NULL COMMENT 'wkt41',
  `wkt42` decimal(20,4) DEFAULT NULL COMMENT 'wkt42',
  `wkt43` decimal(20,4) DEFAULT NULL COMMENT 'wkt43',
  `wkt44` decimal(20,4) DEFAULT NULL COMMENT 'wkt44',
  `wkt45` decimal(20,4) DEFAULT NULL COMMENT 'wkt45',
  `wkt46` decimal(20,4) DEFAULT NULL COMMENT 'wkt46',
  `wkt47` decimal(20,4) DEFAULT NULL COMMENT 'wkt47',
  `wkt48` decimal(20,4) DEFAULT NULL COMMENT 'wkt48',
  `wkt49` decimal(20,4) DEFAULT NULL COMMENT 'wkt49',
  `wkt50` decimal(20,4) DEFAULT NULL COMMENT 'wkt50',
  `wkt51` decimal(20,4) DEFAULT NULL COMMENT 'wkt51',
  `wkt52` decimal(20,4) DEFAULT NULL COMMENT 'wkt52',
  `wkt53` decimal(20,4) DEFAULT NULL COMMENT 'wkt53',
  `wkc1` decimal(20,4) DEFAULT NULL COMMENT 'wkc1',
  `wkc2` decimal(20,4) DEFAULT NULL COMMENT 'wkc2',
  `wkc3` decimal(20,4) DEFAULT NULL COMMENT 'wkc3',
  `wkc4` decimal(20,4) DEFAULT NULL COMMENT 'wkc4',
  `wkc5` decimal(20,4) DEFAULT NULL COMMENT 'wkc5',
  `wkc6` decimal(20,4) DEFAULT NULL COMMENT 'wkc6',
  `wkc7` decimal(20,4) DEFAULT NULL COMMENT 'wkc7',
  `wkc8` decimal(20,4) DEFAULT NULL COMMENT 'wkc8',
  `wkc9` decimal(20,4) DEFAULT NULL COMMENT 'wkc9',
  `wkc10` decimal(20,4) DEFAULT NULL COMMENT 'wkc10',
  `wkc11` decimal(20,4) DEFAULT NULL COMMENT 'wkc11',
  `wkc12` decimal(20,4) DEFAULT NULL COMMENT 'wkc12',
  `wkc13` decimal(20,4) DEFAULT NULL COMMENT 'wkc13',
  `wkc14` decimal(20,4) DEFAULT NULL COMMENT 'wkc14',
  `wkc15` decimal(20,4) DEFAULT NULL COMMENT 'wkc15',
  `wkc16` decimal(20,4) DEFAULT NULL COMMENT 'wkc16',
  `wkc17` decimal(20,4) DEFAULT NULL COMMENT 'wkc17',
  `wkc18` decimal(20,4) DEFAULT NULL COMMENT 'wkc18',
  `wkc19` decimal(20,4) DEFAULT NULL COMMENT 'wkc19',
  `wkc20` decimal(20,4) DEFAULT NULL COMMENT 'wkc20',
  `wkc21` decimal(20,4) DEFAULT NULL COMMENT 'wkc21',
  `wkc22` decimal(20,4) DEFAULT NULL COMMENT 'wkc22',
  `wkc23` decimal(20,4) DEFAULT NULL COMMENT 'wkc23',
  `wkc24` decimal(20,4) DEFAULT NULL COMMENT 'wkc24',
  `wkc25` decimal(20,4) DEFAULT NULL COMMENT 'wkc25',
  `wkc26` decimal(20,4) DEFAULT NULL COMMENT 'wkc26',
  `wkc27` decimal(20,4) DEFAULT NULL COMMENT 'wkc27',
  `wkc28` decimal(20,4) DEFAULT NULL COMMENT 'wkc28',
  `wkc29` decimal(20,4) DEFAULT NULL COMMENT 'wkc29',
  `wkc30` decimal(20,4) DEFAULT NULL COMMENT 'wkc30',
  `wkc31` decimal(20,4) DEFAULT NULL COMMENT 'wkc31',
  `wkc32` decimal(20,4) DEFAULT NULL COMMENT 'wkc32',
  `wkc33` decimal(20,4) DEFAULT NULL COMMENT 'wkc33',
  `wkc34` decimal(20,4) DEFAULT NULL COMMENT 'wkc34',
  `wkc35` decimal(20,4) DEFAULT NULL COMMENT 'wkc35',
  `wkc36` decimal(20,4) DEFAULT NULL COMMENT 'wkc36',
  `wkc37` decimal(20,4) DEFAULT NULL COMMENT 'wkc37',
  `wkc38` decimal(20,4) DEFAULT NULL COMMENT 'wkc38',
  `wkc39` decimal(20,4) DEFAULT NULL COMMENT 'wkc39',
  `wkc40` decimal(20,4) DEFAULT NULL COMMENT 'wkc40',
  `wkc41` decimal(20,4) DEFAULT NULL COMMENT 'wkc41',
  `wkc42` decimal(20,4) DEFAULT NULL COMMENT 'wkc42',
  `wkc43` decimal(20,4) DEFAULT NULL COMMENT 'wkc43',
  `wkc44` decimal(20,4) DEFAULT NULL COMMENT 'wkc44',
  `wkc45` decimal(20,4) DEFAULT NULL COMMENT 'wkc45',
  `wkc46` decimal(20,4) DEFAULT NULL COMMENT 'wkc46',
  `wkc47` decimal(20,4) DEFAULT NULL COMMENT 'wkc47',
  `wkc48` decimal(20,4) DEFAULT NULL COMMENT 'wkc48',
  `wkc49` decimal(20,4) DEFAULT NULL COMMENT 'wkc49',
  `wkc50` decimal(20,4) DEFAULT NULL COMMENT 'wkc50',
  `wkc51` decimal(20,4) DEFAULT NULL COMMENT 'wkc51',
  `wkc52` decimal(20,4) DEFAULT NULL COMMENT 'wkc52',
  `wkc53` decimal(20,4) DEFAULT NULL COMMENT 'wkc53',
  `createUserId` varchar(50) NOT NULL COMMENT '创建人编码',
  `createUserName` varchar(50) NOT NULL COMMENT '创建人姓名',
  `createDate` datetime NOT NULL COMMENT '入库日期',
  `lastModifyUserId` varchar(50) DEFAULT NULL COMMENT '最后更新人编码',
  `lastModifyUserName` varchar(50) DEFAULT NULL COMMENT '最后更新人姓名',
  `lastModifyDate` timestamp NULL DEFAULT CURRENT_TIMESTAMP ON UPDATE CURRENT_TIMESTAMP COMMENT '最后更新时间',
  PRIMARY KEY (`id`),
  KEY `fk_norm_data_meeting_id_idx` (`meetingId`),
  KEY `fk_norm_data_topic_id_idx` (`topicId`),
  KEY `fk_norm_data_norm_id_idx` (`normId`),
  CONSTRAINT `fk_norm_data_meeting_id` FOREIGN KEY (`meetingId`) REFERENCES `meeting` (`id`) ON DELETE NO ACTION ON UPDATE NO ACTION,
  CONSTRAINT `fk_norm_data_norm_id` FOREIGN KEY (`normId`) REFERENCES `norm` (`id`) ON DELETE NO ACTION ON UPDATE NO ACTION,
  CONSTRAINT `fk_norm_data_topic_id` FOREIGN KEY (`topicId`) REFERENCES `topic` (`id`) ON DELETE NO ACTION ON UPDATE NO ACTION
) ENGINE=InnoDB DEFAULT CHARSET=utf8 COMMENT='会议指标数据(norm_data)';

-- ----------------------------
--  Records of `norm_data`
-- ----------------------------
BEGIN;
INSERT INTO `norm_data` VALUES ('0127d81b-3ecf-42f5-8deb-352c496f9afe', '1493463925789', '1493192507963', '1493266628502', '', '2017', '88.1200', '90.0000', '88.1200', '88.1200', '88.1200', '88.1200', '88.1200', '88.1200', '88.1200', '88.1200', '88.1200', '88.1200', '88.1200', '88.1200', '88.1200', '88.1200', '88.1200', '88.1200', '88.1200', '88.1200', '88.1200', '88.1200', '88.1200', '88.1200', '88.1200', '88.1200', '88.1200', '88.1200', '88.1200', '88.1200', '88.1200', '88.1200', '88.1200', '88.1200', '88.1200', '88.1200', '88.1200', '88.1200', '88.1200', '88.1200', '88.1200', '88.1200', '88.1200', '88.1200', '88.1200', '88.1200', '88.1200', '88.1200', '88.1200', '88.1200', '88.1200', '88.1200', '88.1200', '88.1200', null, null, null, null, null, null, null, null, null, null, null, null, null, null, null, null, null, null, null, null, null, null, null, null, null, null, null, null, null, null, null, null, null, null, null, null, null, null, null, null, null, null, null, null, null, null, null, null, null, null, null, null, null, '1493115984999', '电装运营管理员', '2017-05-04 21:23:52', '1493115984999', '电装运营管理员', '2017-05-07 17:14:48'), ('08ebf23e-6df2-4b3e-a367-94fdb64f0bc6', '1493463925789', '1493192488266', '1493266634316', '', '2017', '12.0000', '100.8900', '100.8900', '100.8900', '100.8900', '100.8900', '100.8900', '100.8900', '100.8900', '100.8900', '100.8900', '100.8900', '100.8900', '100.8900', '100.8900', '100.8900', '100.8900', '100.8900', '100.8900', '100.8900', '100.8900', '100.8900', '100.8900', '100.8900', '100.8900', '100.8900', '100.8900', '100.8900', '100.8900', '100.8900', '100.8900', '100.8900', '100.8900', '100.8900', '100.8900', '100.8900', '100.8900', '100.8900', '100.8900', '100.8900', '100.8900', '100.8900', '100.8900', '100.8900', '100.8900', '100.8900', '100.8900', '100.8900', '100.8900', '100.8900', '100.8900', '100.8900', '100.8900', '100.8900', null, null, null, null, null, null, null, null, null, null, null, null, null, null, null, null, null, null, null, null, null, null, null, null, null, null, null, null, null, null, null, null, null, null, null, null, null, null, null, null, null, null, null, null, null, null, null, null, null, null, null, null, null, '1493115984999', '电装运营管理员', '2017-05-04 21:23:51', '1493115984999', '电装运营管理员', '2017-05-07 15:22:59'), ('0901e5f5-906e-429e-b7f0-9d8f0d341952', '1493463925789', '1493192536171', '1493266470177', null, '2017', '95.5600', '90.5600', '90.5600', '90.5600', '90.5600', '90.5600', '90.5600', '90.5600', '90.5600', '90.5600', '90.5600', '90.5600', '90.5600', '90.5600', '90.5600', '90.5600', '90.5600', '90.5600', '90.5600', '90.5600', '90.5600', '90.5600', '90.5600', '90.5600', '90.5600', '90.5600', '90.5600', '90.5600', '90.5600', '90.5600', '90.5600', '90.5600', '90.5600', '90.5600', '90.5600', '90.5600', '90.5600', '90.5600', '90.5600', '90.5600', '90.5600', '90.5600', '90.5600', '90.5600', '90.5600', '90.5600', '90.5600', '90.5600', '90.5600', '90.5600', '90.5600', '90.5600', '90.5600', '90.5600', null, null, null, null, null, null, null, null, null, null, null, null, null, null, null, null, null, null, null, null, null, null, null, null, null, null, null, null, null, null, null, null, null, null, null, null, null, null, null, null, null, null, null, null, null, null, null, null, null, null, null, null, null, '1493115984999', '电装运营管理员', '2017-05-04 21:23:54', '1493115984999', '电装运营管理员', '2017-05-06 20:04:47'), ('09d1581d-8767-44ac-9785-c476aa88c262', '1493463925789', '1493192521889', '1493198794878', null, '2017', '67.8900', '67.8900', '67.8900', '67.8900', '67.8900', '67.8900', '67.8900', '67.8900', '67.8900', '67.8900', '67.8900', '67.8900', '67.8900', '67.8900', '67.8900', '67.8900', '67.8900', '67.8900', '67.8900', '67.8900', '67.8900', '67.8900', '67.8900', '67.8900', '67.8900', '67.8900', '67.8900', '67.8900', '67.8900', '67.8900', '67.8900', '67.8900', '67.8900', '67.8900', '67.8900', '67.8900', '67.8900', '67.8900', '67.8900', '67.8900', '67.8900', '67.8900', '67.8900', '67.8900', '67.8900', '67.8900', '67.8900', '67.8900', '67.8900', '67.8900', '67.8900', '67.8900', '67.8900', '67.8900', null, null, null, null, null, null, null, null, null, null, null, null, null, null, null, null, null, null, null, null, null, null, null, null, null, null, null, null, null, null, null, null, null, null, null, null, null, null, null, null, null, null, null, null, null, null, null, null, null, null, null, null, null, '1493115984999', '电装运营管理员', '2017-05-04 21:23:53', '1493115984999', '电装运营管理员', '2017-05-06 20:04:47'), ('0b57f472-0ee3-4401-ab12-13b8219b1c59', '1493463925789', '1493192536171', '1493266368068', null, '2017', '103.5600', '90.5600', '90.5600', '90.5600', '90.5600', '90.5600', '90.5600', '90.5600', '90.5600', '90.5600', '90.5600', '90.5600', '90.5600', '90.5600', '90.5600', '90.5600', '90.5600', '90.5600', '90.5600', '90.5600', '90.5600', '90.5600', '90.5600', '90.5600', '90.5600', '90.5600', '90.5600', '90.5600', '90.5600', '90.5600', '90.5600', '90.5600', '90.5600', '90.5600', '90.5600', '90.5600', '90.5600', '90.5600', '90.5600', '90.5600', '90.5600', '90.5600', '90.5600', '90.5600', '90.5600', '90.5600', '90.5600', '90.5600', '90.5600', '90.5600', '90.5600', '90.5600', '90.5600', '90.5600', null, null, null, null, null, null, null, null, null, null, null, null, null, null, null, null, null, null, null, null, null, null, null, null, null, null, null, null, null, null, null, null, null, null, null, null, null, null, null, null, null, null, null, null, null, null, null, null, null, null, null, null, null, '1493115984999', '电装运营管理员', '2017-05-04 21:23:54', '1493115984999', '电装运营管理员', '2017-05-06 20:04:47'), ('0cae1f8f-02a6-4577-bbc6-a1f1e8503bfd', '1493463925789', '1493192488266', '1493266470177', '', '2017', '100.8900', '90.0000', '100.8900', '100.8900', '100.8900', '100.8900', '100.8900', '100.8900', '100.8900', '100.8900', '100.8900', '100.8900', '100.8900', '100.8900', '100.8900', '100.8900', '100.8900', '100.8900', '100.8900', '100.8900', '100.8900', '100.8900', '100.8900', '100.8900', '100.8900', '100.8900', '100.8900', '100.8900', '100.8900', '100.8900', '100.8900', '100.8900', '100.8900', '100.8900', '100.8900', '100.8900', '100.8900', '100.8900', '100.8900', '100.8900', '100.8900', '100.8900', '100.8900', '100.8900', '100.8900', '100.8900', '100.8900', '100.8900', '100.8900', '100.8900', '100.8900', '100.8900', '100.8900', '100.8900', null, null, null, null, null, null, null, null, null, null, null, null, null, null, null, null, null, null, null, null, null, null, null, null, null, null, null, null, null, null, null, null, null, null, null, null, null, null, null, null, null, null, null, null, null, null, null, null, null, null, null, null, null, '1493115984999', '电装运营管理员', '2017-05-04 21:23:50', '1493115984999', '电装运营管理员', '2017-05-08 07:56:33'), ('0dcefe53-6b7c-4bf6-b108-7bcc24b60623', '1493463925789', '1493192521889', '1493266470177', null, '2017', '67.8900', '67.8900', '67.8900', '67.8900', '67.8900', '67.8900', '67.8900', '67.8900', '67.8900', '67.8900', '67.8900', '67.8900', '67.8900', '67.8900', '67.8900', '67.8900', '67.8900', '67.8900', '67.8900', '67.8900', '67.8900', '67.8900', '67.8900', '67.8900', '67.8900', '67.8900', '67.8900', '67.8900', '67.8900', '67.8900', '67.8900', '67.8900', '67.8900', '67.8900', '67.8900', '67.8900', '67.8900', '67.8900', '67.8900', '67.8900', '67.8900', '67.8900', '67.8900', '67.8900', '67.8900', '67.8900', '67.8900', '67.8900', '67.8900', '67.8900', '67.8900', '67.8900', '67.8900', '67.8900', null, null, null, null, null, null, null, null, null, null, null, null, null, null, null, null, null, null, null, null, null, null, null, null, null, null, null, null, null, null, null, null, null, null, null, null, null, null, null, null, null, null, null, null, null, null, null, null, null, null, null, null, null, '1493115984999', '电装运营管理员', '2017-05-04 21:23:53', '1493115984999', '电装运营管理员', '2017-05-06 20:04:47'), ('1', '1493463925789', '1493192488266', '1493176260925', '', '2017', '0.0300', '100.0000', '100.0000', '100.0000', '100.0000', '100.0000', '100.0000', '100.0000', '100.0000', '100.0000', '100.0000', '100.0000', '100.0000', '100.0000', '100.0000', '100.0000', '100.0000', '100.0000', '100.0000', '100.0000', '10000000.0000', '10000000.0000', '10000000.0000', '10000000.0000', '10000000.0000', '10000000.0000', '10000000.0000', '10000000.0000', '10000000.0000', '10000000.0000', '10000000.0000', '10000000.0000', '10000000.0000', '10000000.0000', '10000000.0000', '10000000.0000', '10000000.0000', '10000000.0000', '10000000.0000', '10000000.0000', '10000000.0000', '10000000.0000', '10000000.0000', '10000000.0000', '10000000.0000', '10000000.0000', '10000000.0000', '10000000.0000', '10000000.0000', '10000000.0000', '10000000.0000', '10000000.0000', null, null, '5.0000', '3.0000', '4.0000', '3.0000', '6.0000', '3.0000', '5.0000', '3.0000', '6.0000', '3.0000', '4.0000', '5.0000', '4.0000', '6.0000', '4.0000', '3.0000', '5.0000', '3.0000', '6.0000', '560.0000', '560.0000', '560.0000', '560.0000', '560.0000', '560.0000', '560.0000', '560.0000', '560.0000', '560.0000', '560.0000', '560.0000', '560.0000', '560.0000', '560.0000', '560.0000', '560.0000', '560.0000', '560.0000', '560.0000', '560.0000', '560.0000', '560.0000', '560.0000', '560.0000', '560.0000', '560.0000', '560.0000', '560.0000', '560.0000', '560.0000', '560.0000', null, null, '1', '11', '2017-05-02 20:18:01', '1490955807964', '数据库管理员', '2017-09-13 15:20:28'), ('11e8c324-efe2-4775-97b7-9d61bbf8695a', '1493463925789', '1493192507963', '1493266622132', null, '2017', '88.1200', '88.1200', '88.1200', '88.1200', '88.1200', '88.1200', '88.1200', '88.1200', '88.1200', '88.1200', '88.1200', '88.1200', '88.1200', '88.1200', '88.1200', '88.1200', '88.1200', '88.1200', '88.1200', '88.1200', '88.1200', '88.1200', '88.1200', '88.1200', '88.1200', '88.1200', '88.1200', '88.1200', '88.1200', '88.1200', '88.1200', '88.1200', '88.1200', '88.1200', '88.1200', '88.1200', '88.1200', '88.1200', '88.1200', '88.1200', '88.1200', '88.1200', '88.1200', '88.1200', '88.1200', '88.1200', '88.1200', '88.1200', '88.1200', '88.1200', '88.1200', '88.1200', '88.1200', '88.1200', null, null, null, null, null, null, null, null, null, null, null, null, null, null, null, null, null, null, null, null, null, null, null, null, null, null, null, null, null, null, null, null, null, null, null, null, null, null, null, null, null, null, null, null, null, null, null, null, null, null, null, null, null, '1493115984999', '电装运营管理员', '2017-05-04 21:23:52', '1493115984999', '电装运营管理员', '2017-05-06 20:04:46'), ('160b92cd-f3dc-446b-a453-a3817cc7b5e6', '1493463925789', '1493192488266', '1493266348554', null, '2017', '100.8900', '100.8900', '100.8900', '100.8900', '100.8900', '100.8900', '100.8900', '100.8900', '100.8900', '100.8900', '100.8900', '100.8900', '100.8900', '100.8900', '100.8900', '100.8900', '100.8900', '100.8900', '100.8900', '100.8900', '100.8900', '100.8900', '100.8900', '100.8900', '100.8900', '100.8900', '100.8900', '100.8900', '100.8900', '100.8900', '100.8900', '100.8900', '100.8900', '100.8900', '100.8900', '100.8900', '100.8900', '100.8900', '100.8900', '100.8900', '100.8900', '100.8900', '100.8900', '100.8900', '100.8900', '100.8900', '100.8900', '100.8900', '100.8900', '100.8900', '100.8900', '100.8900', '100.8900', '100.8900', null, null, null, null, null, null, null, null, null, null, null, null, null, null, null, null, null, null, null, null, null, null, null, null, null, null, null, null, null, null, null, null, null, null, null, null, null, null, null, null, null, null, null, null, null, null, null, null, null, null, null, null, null, '1493115984999', '电装运营管理员', '2017-05-04 21:23:51', '1493115984999', '电装运营管理员', '2017-05-06 20:04:44'), ('196a5c0a-a576-4313-b0b3-4baa9bb8eb66', '1493463925789', '1493192488266', '1493266368068', '', '2017', '600.0000', '100.8900', '100.8900', '100.8900', '100.8900', '100.8900', '100.8900', '100.8900', '100.8900', '100.8900', '100.8900', '100.8900', '100.8900', '100.8900', '100.8900', '100.8900', '100.8900', '100.8900', '100.8900', '100.8900', '100.8900', '100.8900', '100.8900', '100.8900', '100.8900', '100.8900', '100.8900', '100.8900', '100.8900', '100.8900', '100.8900', '100.8900', '100.8900', '100.8900', '100.8900', '100.8900', '100.8900', '100.8900', '100.8900', '100.8900', '100.8900', '100.8900', '100.8900', '100.8900', '100.8900', '100.8900', '100.8900', '100.8900', '100.8900', '100.8900', '100.8900', '100.8900', '100.8900', '100.8900', null, null, null, null, null, null, null, null, null, null, null, null, null, null, null, null, null, null, null, null, null, null, null, null, null, null, null, null, null, null, null, null, null, null, null, null, null, null, null, null, null, null, null, null, null, null, null, null, null, null, null, null, null, '1493115984999', '电装运营管理员', '2017-05-04 21:23:51', '1490955807964', '数据库管理员', '2017-09-13 15:20:29'), ('1d21c0d5-3ee3-4e22-bf36-5370e5cf0bf3', '1493463925789', '1493192488266', '1493266622132', null, '2017', '100.8900', '100.8900', '100.8900', '100.8900', '100.8900', '100.8900', '100.8900', '100.8900', '100.8900', '100.8900', '100.8900', '100.8900', '100.8900', '100.8900', '100.8900', '100.8900', '100.8900', '100.8900', '100.8900', '100.8900', '100.8900', '100.8900', '100.8900', '100.8900', '100.8900', '100.8900', '100.8900', '100.8900', '100.8900', '100.8900', '100.8900', '100.8900', '100.8900', '100.8900', '100.8900', '100.8900', '100.8900', '100.8900', '100.8900', '100.8900', '100.8900', '100.8900', '100.8900', '100.8900', '100.8900', '100.8900', '100.8900', '100.8900', '100.8900', '100.8900', '100.8900', '100.8900', '100.8900', '100.8900', null, null, null, null, null, null, null, null, null, null, null, null, null, null, null, null, null, null, null, null, null, null, null, null, null, null, null, null, null, null, null, null, null, null, null, null, null, null, null, null, null, null, null, null, null, null, null, null, null, null, null, null, null, '1493115984999', '电装运营管理员', '2017-05-04 21:23:50', '1493115984999', '电装运营管理员', '2017-05-06 20:04:45'), ('1f82fe98-181b-4350-9b02-ce189d92bc27', '1493463925789', '1493192536171', '1493266595986', null, '2017', '90.5600', '90.5600', '90.5600', '90.5600', '90.5600', '90.5600', '90.5600', '90.5600', '90.5600', '90.5600', '90.5600', '90.5600', '90.5600', '90.5600', '90.5600', '90.5600', '90.5600', '90.5600', '90.5600', '90.5600', '90.5600', '90.5600', '90.5600', '90.5600', '90.5600', '90.5600', '90.5600', '90.5600', '90.5600', '90.5600', '90.5600', '90.5600', '90.5600', '90.5600', '90.5600', '90.5600', '90.5600', '90.5600', '90.5600', '90.5600', '90.5600', '90.5600', '90.5600', '90.5600', '90.5600', '90.5600', '90.5600', '90.5600', '90.5600', '90.5600', '90.5600', '90.5600', '90.5600', '90.5600', null, null, null, null, null, null, null, null, null, null, null, null, null, null, null, null, null, null, null, null, null, null, null, null, null, null, null, null, null, null, null, null, null, null, null, null, null, null, null, null, null, null, null, null, null, null, null, null, null, null, null, null, null, '1493115984999', '电装运营管理员', '2017-05-04 21:23:54', '1493115984999', '电装运营管理员', '2017-05-06 20:04:47'), ('1fa26684-b7c3-46ac-a3bf-61a820613ee9', '1493463925789', '1493192536171', '1493266616425', null, '2017', '101.5600', '90.5600', '90.5600', '90.5600', '90.5600', '90.5600', '90.5600', '90.5600', '90.5600', '90.5600', '90.5600', '90.5600', '90.5600', '90.5600', '90.5600', '90.5600', '90.5600', '90.5600', '90.5600', '90.5600', '90.5600', '90.5600', '90.5600', '90.5600', '90.5600', '90.5600', '90.5600', '90.5600', '90.5600', '90.5600', '90.5600', '90.5600', '90.5600', '90.5600', '90.5600', '90.5600', '90.5600', '90.5600', '90.5600', '90.5600', '90.5600', '90.5600', '90.5600', '90.5600', '90.5600', '90.5600', '90.5600', '90.5600', '90.5600', '90.5600', '90.5600', '90.5600', '90.5600', '90.5600', null, null, null, null, null, null, null, null, null, null, null, null, null, null, null, null, null, null, null, null, null, null, null, null, null, null, null, null, null, null, null, null, null, null, null, null, null, null, null, null, null, null, null, null, null, null, null, null, null, null, null, null, null, '1493115984999', '电装运营管理员', '2017-05-04 21:23:54', '1493115984999', '电装运营管理员', '2017-05-06 20:04:47'), ('25b0acb9-48b7-4bdb-902e-07c5a497a032', '1493463925789', '1493192507963', '1493266348554', null, '2017', '88.1200', '88.1200', '88.1200', '88.1200', '88.1200', '88.1200', '88.1200', '88.1200', '88.1200', '88.1200', '88.1200', '88.1200', '88.1200', '88.1200', '88.1200', '88.1200', '88.1200', '88.1200', '88.1200', '88.1200', '88.1200', '88.1200', '88.1200', '88.1200', '88.1200', '88.1200', '88.1200', '88.1200', '88.1200', '88.1200', '88.1200', '88.1200', '88.1200', '88.1200', '88.1200', '88.1200', '88.1200', '88.1200', '88.1200', '88.1200', '88.1200', '88.1200', '88.1200', '88.1200', '88.1200', '88.1200', '88.1200', '88.1200', '88.1200', '88.1200', '88.1200', '88.1200', '88.1200', '88.1200', null, null, null, null, null, null, null, null, null, null, null, null, null, null, null, null, null, null, null, null, null, null, null, null, null, null, null, null, null, null, null, null, null, null, null, null, null, null, null, null, null, null, null, null, null, null, null, null, null, null, null, null, null, '1493115984999', '电装运营管理员', '2017-05-04 21:23:52', '1493115984999', '电装运营管理员', '2017-05-06 20:04:46'), ('296d924c-19e1-439b-ba62-681bc5e5a5b8', '1493463925789', '1493192507963', '1493266368068', '', '2017', '88.1200', '88.1200', '88.1200', '88.1200', '88.1200', '88.1200', '88.1200', '88.1200', '88.1200', '88.1200', '88.1200', '88.1200', '88.1200', '88.1200', '88.1200', '88.1200', '88.1200', '88.1200', '88.1200', '88.1200', '88.1200', '88.1200', '88.1200', '88.1200', '88.1200', '88.1200', '88.1200', '88.1200', '88.1200', '88.1200', '88.1200', '88.1200', '88.1200', '88.1200', '88.1200', '88.1200', '88.1200', '88.1200', '88.1200', '88.1200', '88.1200', '88.1200', '88.1200', '88.1200', '88.1200', '88.1200', '88.1200', '88.1200', '88.1200', '88.1200', '88.1200', '88.1200', '88.1200', '88.1200', null, null, null, null, null, null, null, null, null, null, null, null, null, null, null, null, null, null, null, null, null, null, null, null, null, null, null, null, null, null, null, null, null, null, null, null, null, null, null, null, null, null, null, null, null, null, null, null, null, null, null, null, null, '1493115984999', '电装运营管理员', '2017-05-04 21:23:52', '1493115984999', '电装运营管理员', '2017-05-07 17:14:25'), ('29df408c-dcbc-49f6-bcc3-7564caa7d8d3', '1493463925789', '1493192536171', '1493266622132', null, '2017', '92.5600', '90.5600', '90.5600', '90.5600', '90.5600', '90.5600', '90.5600', '90.5600', '90.5600', '90.5600', '90.5600', '90.5600', '90.5600', '90.5600', '90.5600', '90.5600', '90.5600', '90.5600', '90.5600', '90.5600', '90.5600', '90.5600', '90.5600', '90.5600', '90.5600', '90.5600', '90.5600', '90.5600', '90.5600', '90.5600', '90.5600', '90.5600', '90.5600', '90.5600', '90.5600', '90.5600', '90.5600', '90.5600', '90.5600', '90.5600', '90.5600', '90.5600', '90.5600', '90.5600', '90.5600', '90.5600', '90.5600', '90.5600', '90.5600', '90.5600', '90.5600', '90.5600', '90.5600', '90.5600', null, null, null, null, null, null, null, null, null, null, null, null, null, null, null, null, null, null, null, null, null, null, null, null, null, null, null, null, null, null, null, null, null, null, null, null, null, null, null, null, null, null, null, null, null, null, null, null, null, null, null, null, null, '1493115984999', '电装运营管理员', '2017-05-04 21:23:54', '1493115984999', '电装运营管理员', '2017-05-06 20:04:47'), ('351518f4-0a41-4490-a555-d885b63174b0', '1493463925789', '1493192488266', '1493198794878', null, '2017', '100.8900', '100.8900', '100.8900', '100.8900', '100.8900', '100.8900', '100.8900', '100.8900', '100.8900', '100.8900', '100.8900', '100.8900', '100.8900', '100.8900', '100.8900', '100.8900', '100.8900', '100.8900', '100.8900', '100.8900', '100.8900', '100.8900', '100.8900', '100.8900', '100.8900', '100.8900', '100.8900', '100.8900', '100.8900', '100.8900', '100.8900', '100.8900', '100.8900', '100.8900', '100.8900', '100.8900', '100.8900', '100.8900', '100.8900', '100.8900', '100.8900', '100.8900', '100.8900', '100.8900', '100.8900', '100.8900', '100.8900', '100.8900', '100.8900', '100.8900', '100.8900', '100.8900', '100.8900', '100.8900', null, null, null, null, null, null, null, null, null, null, null, null, null, null, null, null, null, null, null, null, null, null, null, null, null, null, null, null, null, null, null, null, null, null, null, null, null, null, null, null, null, null, null, null, null, null, null, null, null, null, null, null, null, '1493115984999', '电装运营管理员', '2017-05-04 21:23:51', '1493115984999', '电装运营管理员', '2017-05-06 20:04:44'), ('3acc1cfe-b6c4-436c-97dd-cbf122b35f5f', '1493463925789', '1493192488266', '1493198880510', '', '2017', '20.0000', '1.0000', '2.0000', '3.0000', '4.0000', null, null, null, null, null, null, null, null, null, null, null, null, null, null, null, null, null, null, null, null, null, null, null, null, null, null, null, null, null, null, null, null, null, null, null, null, null, null, null, null, null, null, null, null, null, null, null, null, null, null, null, null, null, null, null, null, null, null, null, null, null, null, null, null, null, null, null, null, null, null, null, null, null, null, null, null, null, null, null, null, null, null, null, null, null, null, null, null, null, null, null, null, null, null, null, null, null, null, null, null, null, null, '1493115984999', '电装运营管理员', '2017-05-07 17:28:33', '1493115984999', '电装运营管理员', '2017-05-07 17:34:04'), ('3add878b-311c-4f93-81eb-92a40055f615', '1493463925789', '1493192536171', '1493266634316', null, '2017', '102.5600', '90.5600', '90.5600', '90.5600', '90.5600', '90.5600', '90.5600', '90.5600', '90.5600', '90.5600', '90.5600', '90.5600', '90.5600', '90.5600', '90.5600', '90.5600', '90.5600', '90.5600', '90.5600', '90.5600', '90.5600', '90.5600', '90.5600', '90.5600', '90.5600', '90.5600', '90.5600', '90.5600', '90.5600', '90.5600', '90.5600', '90.5600', '90.5600', '90.5600', '90.5600', '90.5600', '90.5600', '90.5600', '90.5600', '90.5600', '90.5600', '90.5600', '90.5600', '90.5600', '90.5600', '90.5600', '90.5600', '90.5600', '90.5600', '90.5600', '90.5600', '90.5600', '90.5600', '90.5600', null, null, null, null, null, null, null, null, null, null, null, null, null, null, null, null, null, null, null, null, null, null, null, null, null, null, null, null, null, null, null, null, null, null, null, null, null, null, null, null, null, null, null, null, null, null, null, null, null, null, null, null, null, '1493115984999', '电装运营管理员', '2017-05-04 21:23:54', '1493115984999', '电装运营管理员', '2017-05-06 20:04:48'), ('3aed5b08-cba4-4351-bd09-65226aa3de8f', '1493463925789', '1493192488266', '1493266609514', null, '2017', '100.8900', '100.8900', '100.8900', '100.8900', '100.8900', '100.8900', '100.8900', '100.8900', '100.8900', '100.8900', '100.8900', '100.8900', '100.8900', '100.8900', '100.8900', '100.8900', '100.8900', '100.8900', '100.8900', '100.8900', '100.8900', '100.8900', '100.8900', '100.8900', '100.8900', '100.8900', '100.8900', '100.8900', '100.8900', '100.8900', '100.8900', '100.8900', '100.8900', '100.8900', '100.8900', '100.8900', '100.8900', '100.8900', '100.8900', '100.8900', '100.8900', '100.8900', '100.8900', '100.8900', '100.8900', '100.8900', '100.8900', '100.8900', '100.8900', '100.8900', '100.8900', '100.8900', '100.8900', '100.8900', null, null, null, null, null, null, null, null, null, null, null, null, null, null, null, null, null, null, null, null, null, null, null, null, null, null, null, null, null, null, null, null, null, null, null, null, null, null, null, null, null, null, null, null, null, null, null, null, null, null, null, null, null, '1493115984999', '电装运营管理员', '2017-05-04 21:23:51', '1493115984999', '电装运营管理员', '2017-05-06 20:04:45'), ('3f8342c4-6422-4b97-8905-a9e2235b185f', '1493463925789', '1493192488266', '1493198827171', null, '2017', '100.8900', '100.8900', '100.8900', '100.8900', '100.8900', '100.8900', '100.8900', '100.8900', '100.8900', '100.8900', '100.8900', '100.8900', '100.8900', '100.8900', '100.8900', '100.8900', '100.8900', '100.8900', '100.8900', '100.8900', '100.8900', '100.8900', '100.8900', '100.8900', '100.8900', '100.8900', '100.8900', '100.8900', '100.8900', '100.8900', '100.8900', '100.8900', '100.8900', '100.8900', '100.8900', '100.8900', '100.8900', '100.8900', '100.8900', '100.8900', '100.8900', '100.8900', '100.8900', '100.8900', '100.8900', '100.8900', '100.8900', '100.8900', '100.8900', '100.8900', '100.8900', '100.8900', '100.8900', '100.8900', null, null, null, null, null, null, null, null, null, null, null, null, null, null, null, null, null, null, null, null, null, null, null, null, null, null, null, null, null, null, null, null, null, null, null, null, null, null, null, null, null, null, null, null, null, null, null, null, null, null, null, null, null, '1493115984999', '电装运营管理员', '2017-05-04 21:23:50', '1493115984999', '电装运营管理员', '2017-05-06 20:04:44'), ('4427a470-9a8e-4395-b8b4-6790c8b0c0e5', '1493463925789', '1493192521889', '1493266628502', null, '2017', '67.8900', '67.8900', '67.8900', '67.8900', '67.8900', '67.8900', '67.8900', '67.8900', '67.8900', '67.8900', '67.8900', '67.8900', '67.8900', '67.8900', '67.8900', '67.8900', '67.8900', '67.8900', '67.8900', '67.8900', '67.8900', '67.8900', '67.8900', '67.8900', '67.8900', '67.8900', '67.8900', '67.8900', '67.8900', '67.8900', '67.8900', '67.8900', '67.8900', '67.8900', '67.8900', '67.8900', '67.8900', '67.8900', '67.8900', '67.8900', '67.8900', '67.8900', '67.8900', '67.8900', '67.8900', '67.8900', '67.8900', '67.8900', '67.8900', '67.8900', '67.8900', '67.8900', '67.8900', '67.8900', null, null, null, null, null, null, null, null, null, null, null, null, null, null, null, null, null, null, null, null, null, null, null, null, null, null, null, null, null, null, null, null, null, null, null, null, null, null, null, null, null, null, null, null, null, null, null, null, null, null, null, null, null, '1493115984999', '电装运营管理员', '2017-05-04 21:23:53', '1493115984999', '电装运营管理员', '2017-05-06 20:04:47'), ('49922023-b8eb-4f59-a2a6-dde772bbd2a3', '1493463925789', '1493192507963', '1493266213037', null, '2017', '88.1200', '88.1200', '88.1200', '88.1200', '88.1200', '88.1200', '88.1200', '88.1200', '88.1200', '88.1200', '88.1200', '88.1200', '88.1200', '88.1200', '88.1200', '88.1200', '88.1200', '88.1200', '88.1200', '88.1200', '88.1200', '88.1200', '88.1200', '88.1200', '88.1200', '88.1200', '88.1200', '88.1200', '88.1200', '88.1200', '88.1200', '88.1200', '88.1200', '88.1200', '88.1200', '88.1200', '88.1200', '88.1200', '88.1200', '88.1200', '88.1200', '88.1200', '88.1200', '88.1200', '88.1200', '88.1200', '88.1200', '88.1200', '88.1200', '88.1200', '88.1200', '88.1200', '88.1200', '88.1200', null, null, null, null, null, null, null, null, null, null, null, null, null, null, null, null, null, null, null, null, null, null, null, null, null, null, null, null, null, null, null, null, null, null, null, null, null, null, null, null, null, null, null, null, null, null, null, null, null, null, null, null, null, '1493115984999', '电装运营管理员', '2017-05-04 21:23:52', '1493115984999', '电装运营管理员', '2017-05-06 20:04:46'), ('4dbb960c-6416-420e-8516-d4827247c54e', '1493463925789', '1493192488266', '1493266440141', null, '2017', '100.8900', '100.8900', '100.8900', '100.8900', '100.8900', '100.8900', '100.8900', '100.8900', '100.8900', '100.8900', '100.8900', '100.8900', '100.8900', '100.8900', '100.8900', '100.8900', '100.8900', '100.8900', '100.8900', '100.8900', '100.8900', '100.8900', '100.8900', '100.8900', '100.8900', '100.8900', '100.8900', '100.8900', '100.8900', '100.8900', '100.8900', '100.8900', '100.8900', '100.8900', '100.8900', '100.8900', '100.8900', '100.8900', '100.8900', '100.8900', '100.8900', '100.8900', '100.8900', '100.8900', '100.8900', '100.8900', '100.8900', '100.8900', '100.8900', '100.8900', '100.8900', '100.8900', '100.8900', '100.8900', null, null, null, null, null, null, null, null, null, null, null, null, null, null, null, null, null, null, null, null, null, null, null, null, null, null, null, null, null, null, null, null, null, null, null, null, null, null, null, null, null, null, null, null, null, null, null, null, null, null, null, null, null, '1493115984999', '电装运营管理员', '2017-05-04 21:23:51', '1493115984999', '电装运营管理员', '2017-05-06 20:04:44'), ('51c7a134-12fe-4bff-8642-ee0186991882', '1493463925789', '1493192521889', '1493198880510', null, '2017', '67.8900', '67.8900', '67.8900', '67.8900', '67.8900', '67.8900', '67.8900', '67.8900', '67.8900', '67.8900', '67.8900', '67.8900', '67.8900', '67.8900', '67.8900', '67.8900', '67.8900', '67.8900', '67.8900', '67.8900', '67.8900', '67.8900', '67.8900', '67.8900', '67.8900', '67.8900', '67.8900', '67.8900', '67.8900', '67.8900', '67.8900', '67.8900', '67.8900', '67.8900', '67.8900', '67.8900', '67.8900', '67.8900', '67.8900', '67.8900', '67.8900', '67.8900', '67.8900', '67.8900', '67.8900', '67.8900', '67.8900', '67.8900', '67.8900', '67.8900', '67.8900', '67.8900', '67.8900', '67.8900', null, null, null, null, null, null, null, null, null, null, null, null, null, null, null, null, null, null, null, null, null, null, null, null, null, null, null, null, null, null, null, null, null, null, null, null, null, null, null, null, null, null, null, null, null, null, null, null, null, null, null, null, null, '1493115984999', '电装运营管理员', '2017-05-04 21:23:53', '1493115984999', '电装运营管理员', '2017-05-06 20:04:47'), ('5dd62d49-67f2-4a03-9232-f6e7d0a2d5f2', '1493463925789', '1493192536171', '1493176260925', '', '2017', '89.5600', '98988.0000', '98988.0000', '98988.0000', '98988.0000', '98988.0000', '98988.0000', '98988.0000', '98988.0000', '98988.0000', '98988.0000', '98988.0000', '98988.0000', '98988.0000', '98988.0000', '98988.0000', '98988.0000', '98988.0000', '98988.0000', '98988.0000', '98988.0000', '98988.0000', '98988.0000', '98988.0000', '98988.0000', '98988.0000', '98988.0000', '98988.0000', '98988.0000', '98988.0000', '98988.0000', '98988.0000', '98988.0000', '98988.0000', '98988.0000', '98988.0000', '98988.0000', '98988.0000', '98988.0000', '98988.0000', '98988.0000', '98988.0000', '98988.0000', '98988.0000', '98988.0000', '98988.0000', '98988.0000', '98988.0000', '98988.0000', '98988.0000', '98988.0000', '98988.0000', '98988.0000', '98988.0000', '88.0000', '88.0000', '88.0000', '88.0000', '88.0000', '88.0000', '88.0000', '88.0000', '88.0000', '88.0000', '88.0000', '88.0000', '88.0000', '88.0000', '88.0000', '88.0000', '88.0000', '88.0000', '88.0000', '88.0000', '88.0000', '88.0000', '88.0000', '88.0000', '88.0000', '88.0000', '88.0000', '88.0000', '88.0000', '88.0000', '88.0000', '88.0000', '88.0000', '88.0000', '88.0000', '88.0000', '88.0000', '88.0000', '88.0000', '88.0000', '88.0000', '88.0000', '88.0000', '88.0000', '88.0000', '88.0000', '88.0000', '88.0000', '88.0000', '88.0000', '88.0000', '88.0000', '88.0000', '1493115984999', '电装运营管理员', '2017-05-04 21:23:54', '1493115984999', '电装运营管理员', '2017-05-07 13:49:08'), ('660349f6-4d02-451a-ad84-ae466d155094', '1493463925789', '1493192488266', '1493266455256', null, '2017', '100.8900', '100.8900', '100.8900', '100.8900', '100.8900', '100.8900', '100.8900', '100.8900', '100.8900', '100.8900', '100.8900', '100.8900', '100.8900', '100.8900', '100.8900', '100.8900', '100.8900', '100.8900', '100.8900', '100.8900', '100.8900', '100.8900', '100.8900', '100.8900', '100.8900', '100.8900', '100.8900', '100.8900', '100.8900', '100.8900', '100.8900', '100.8900', '100.8900', '100.8900', '100.8900', '100.8900', '100.8900', '100.8900', '100.8900', '100.8900', '100.8900', '100.8900', '100.8900', '100.8900', '100.8900', '100.8900', '100.8900', '100.8900', '100.8900', '100.8900', '100.8900', '100.8900', '100.8900', '100.8900', null, null, null, null, null, null, null, null, null, null, null, null, null, null, null, null, null, null, null, null, null, null, null, null, null, null, null, null, null, null, null, null, null, null, null, null, null, null, null, null, null, null, null, null, null, null, null, null, null, null, null, null, null, '1493115984999', '电装运营管理员', '2017-05-04 21:23:51', '1493115984999', '电装运营管理员', '2017-05-06 20:04:44'), ('680d2345-237f-43b7-a52a-466bf8ee27a8', '1493463925789', '1493192488266', '1493198776966', null, '2017', '100.8900', '100.8900', '100.8900', '100.8900', '100.8900', '100.8900', '100.8900', '100.8900', '100.8900', '100.8900', '100.8900', '100.8900', '100.8900', '100.8900', '100.8900', '100.8900', '100.8900', '100.8900', '100.8900', '100.8900', '100.8900', '100.8900', '100.8900', '100.8900', '100.8900', '100.8900', '100.8900', '100.8900', '100.8900', '100.8900', '100.8900', '100.8900', '100.8900', '100.8900', '100.8900', '100.8900', '100.8900', '100.8900', '100.8900', '100.8900', '100.8900', '100.8900', '100.8900', '100.8900', '100.8900', '100.8900', '100.8900', '100.8900', '100.8900', '100.8900', '100.8900', '100.8900', '100.8900', '100.8900', null, null, null, null, null, null, null, null, null, null, null, null, null, null, null, null, null, null, null, null, null, null, null, null, null, null, null, null, null, null, null, null, null, null, null, null, null, null, null, null, null, null, null, null, null, null, null, null, null, null, null, null, null, '1493115984999', '电装运营管理员', '2017-05-04 21:23:51', '1493115984999', '电装运营管理员', '2017-05-06 20:04:44'), ('69dcc950-9393-4708-9c53-22a44782b625', '1493463925789', '1493192536171', '1493198794878', null, '2017', '100.5600', '90.5600', '90.5600', '90.5600', '90.5600', '90.5600', '90.5600', '90.5600', '90.5600', '90.5600', '90.5600', '90.5600', '90.5600', '90.5600', '90.5600', '90.5600', '90.5600', '90.5600', '90.5600', '90.5600', '90.5600', '90.5600', '90.5600', '90.5600', '90.5600', '90.5600', '90.5600', '90.5600', '90.5600', '90.5600', '90.5600', '90.5600', '90.5600', '90.5600', '90.5600', '90.5600', '90.5600', '90.5600', '90.5600', '90.5600', '90.5600', '90.5600', '90.5600', '90.5600', '90.5600', '90.5600', '90.5600', '90.5600', '90.5600', '90.5600', '90.5600', '90.5600', '90.5600', '90.5600', null, null, null, null, null, null, null, null, null, null, null, null, null, null, null, null, null, null, null, null, null, null, null, null, null, null, null, null, null, null, null, null, null, null, null, null, null, null, null, null, null, null, null, null, null, null, null, null, null, null, null, null, null, '1493115984999', '电装运营管理员', '2017-05-04 21:23:54', '1493115984999', '电装运营管理员', '2017-05-06 20:04:47'), ('6d6f920e-f656-433b-9180-75b48ae8797c', '1493463925789', '1493192536171', '1493266628502', null, '2017', '96.5600', '90.5600', '90.5600', '90.5600', '90.5600', '90.5600', '90.5600', '90.5600', '90.5600', '90.5600', '90.5600', '90.5600', '90.5600', '90.5600', '90.5600', '90.5600', '90.5600', '90.5600', '90.5600', '90.5600', '90.5600', '90.5600', '90.5600', '90.5600', '90.5600', '90.5600', '90.5600', '90.5600', '90.5600', '90.5600', '90.5600', '90.5600', '90.5600', '90.5600', '90.5600', '90.5600', '90.5600', '90.5600', '90.5600', '90.5600', '90.5600', '90.5600', '90.5600', '90.5600', '90.5600', '90.5600', '90.5600', '90.5600', '90.5600', '90.5600', '90.5600', '90.5600', '90.5600', '90.5600', null, null, null, null, null, null, null, null, null, null, null, null, null, null, null, null, null, null, null, null, null, null, null, null, null, null, null, null, null, null, null, null, null, null, null, null, null, null, null, null, null, null, null, null, null, null, null, null, null, null, null, null, null, '1493115984999', '电装运营管理员', '2017-05-04 21:23:54', '1493115984999', '电装运营管理员', '2017-05-06 20:04:48'), ('6ee15240-593b-4885-aa46-4776a784c73a', '1493463925789', '1493192488266', '1493266213037', null, '2017', '100.8900', '100.8900', '100.8900', '100.8900', '100.8900', '100.8900', '100.8900', '100.8900', '100.8900', '100.8900', '100.8900', '100.8900', '100.8900', '100.8900', '100.8900', '100.8900', '100.8900', '100.8900', '100.8900', '100.8900', '100.8900', '100.8900', '100.8900', '100.8900', '100.8900', '100.8900', '100.8900', '100.8900', '100.8900', '100.8900', '100.8900', '100.8900', '100.8900', '100.8900', '100.8900', '100.8900', '100.8900', '100.8900', '100.8900', '100.8900', '100.8900', '100.8900', '100.8900', '100.8900', '100.8900', '100.8900', '100.8900', '100.8900', '100.8900', '100.8900', '100.8900', '100.8900', '100.8900', '100.8900', null, null, null, null, null, null, null, null, null, null, null, null, null, null, null, null, null, null, null, null, null, null, null, null, null, null, null, null, null, null, null, null, null, null, null, null, null, null, null, null, null, null, null, null, null, null, null, null, null, null, null, null, null, '1493115984999', '电装运营管理员', '2017-05-04 21:23:50', '1493115984999', '电装运营管理员', '2017-05-06 20:04:44'), ('7dc13d8d-f942-4951-80f9-cfec832e856e', '1493463925789', '1493192536171', '1493266213037', null, '2017', '87.5600', '90.5600', '90.5600', '90.5600', '90.5600', '90.5600', '90.5600', '90.5600', '90.5600', '90.5600', '90.5600', '90.5600', '90.5600', '90.5600', '90.5600', '90.5600', '90.5600', '90.5600', '90.5600', '90.5600', '90.5600', '90.5600', '90.5600', '90.5600', '90.5600', '90.5600', '90.5600', '90.5600', '90.5600', '90.5600', '90.5600', '90.5600', '90.5600', '90.5600', '90.5600', '90.5600', '90.5600', '90.5600', '90.5600', '90.5600', '90.5600', '90.5600', '90.5600', '90.5600', '90.5600', '90.5600', '90.5600', '90.5600', '90.5600', '90.5600', '90.5600', '90.5600', '90.5600', '90.5600', null, null, null, null, null, null, null, null, null, null, null, null, null, null, null, null, null, null, null, null, null, null, null, null, null, null, null, null, null, null, null, null, null, null, null, null, null, null, null, null, null, null, null, null, null, null, null, null, null, null, null, null, null, '1493115984999', '电装运营管理员', '2017-05-04 21:23:54', '1493115984999', '电装运营管理员', '2017-05-06 20:04:47'), ('810fe07d-a5b4-4907-99e3-b7c660f85deb', '1493463925789', '1493192536171', '1493198880510', null, '2017', '91.5600', '90.5600', '90.5600', '90.5600', '90.5600', '90.5600', '90.5600', '90.5600', '90.5600', '90.5600', '90.5600', '90.5600', '90.5600', '90.5600', '90.5600', '90.5600', '90.5600', '90.5600', '90.5600', '90.5600', '90.5600', '90.5600', '90.5600', '90.5600', '90.5600', '90.5600', '90.5600', '90.5600', '90.5600', '90.5600', '90.5600', '90.5600', '90.5600', '90.5600', '90.5600', '90.5600', '90.5600', '90.5600', '90.5600', '90.5600', '90.5600', '90.5600', '90.5600', '90.5600', '90.5600', '90.5600', '90.5600', '90.5600', '90.5600', '90.5600', '90.5600', '90.5600', '90.5600', '90.5600', null, null, null, null, null, null, null, null, null, null, null, null, null, null, null, null, null, null, null, null, null, null, null, null, null, null, null, null, null, null, null, null, null, null, null, null, null, null, null, null, null, null, null, null, null, null, null, null, null, null, null, null, null, '1493115984999', '电装运营管理员', '2017-05-04 21:23:54', '1493115984999', '电装运营管理员', '2017-05-06 20:04:47'), ('8b6029b8-8644-429b-9617-1121e54aeae8', '1493463925789', '1493192507963', '1493266616425', null, '2017', '88.1200', '88.1200', '88.1200', '88.1200', '88.1200', '88.1200', '88.1200', '88.1200', '88.1200', '88.1200', '88.1200', '88.1200', '88.1200', '88.1200', '88.1200', '88.1200', '88.1200', '88.1200', '88.1200', '88.1200', '88.1200', '88.1200', '88.1200', '88.1200', '88.1200', '88.1200', '88.1200', '88.1200', '88.1200', '88.1200', '88.1200', '88.1200', '88.1200', '88.1200', '88.1200', '88.1200', '88.1200', '88.1200', '88.1200', '88.1200', '88.1200', '88.1200', '88.1200', '88.1200', '88.1200', '88.1200', '88.1200', '88.1200', '88.1200', '88.1200', '88.1200', '88.1200', '88.1200', '88.1200', null, null, null, null, null, null, null, null, null, null, null, null, null, null, null, null, null, null, null, null, null, null, null, null, null, null, null, null, null, null, null, null, null, null, null, null, null, null, null, null, null, null, null, null, null, null, null, null, null, null, null, null, null, '1493115984999', '电装运营管理员', '2017-05-04 21:23:53', '1493115984999', '电装运营管理员', '2017-05-06 20:04:46'), ('90e526f0-709a-414d-a6ae-91f2365e7867', '1493463925789', '1493192488266', '1493266595986', '', '2017', '100.8900', '100.8900', '100.8900', '100.8900', '100.8900', '100.8900', '100.8900', '100.8900', '100.8900', '100.8900', '100.8900', '100.8900', '100.8900', '100.8900', '100.8900', '100.8900', '100.8900', '100.8900', '100.8900', '100.8900', '100.8900', '100.8900', '100.8900', '100.8900', '100.8900', '100.8900', '100.8900', '100.8900', '100.8900', '100.8900', '100.8900', '100.8900', '100.8900', '100.8900', '100.8900', '100.8900', '100.8900', '100.8900', '100.8900', '100.8900', '100.8900', '100.8900', '100.8900', '100.8900', '100.8900', '100.8900', '100.8900', '100.8900', '100.8900', '100.8900', '100.8900', '100.8900', '100.8900', '100.8900', null, null, null, null, null, null, null, null, null, null, null, null, null, null, null, null, null, null, null, null, null, null, null, null, null, null, null, null, null, null, null, null, null, null, null, null, null, null, null, null, null, null, null, null, null, null, null, null, null, null, null, null, null, '1493115984999', '电装运营管理员', '2017-05-04 21:23:51', '1493115984999', '电装运营管理员', '2017-05-07 14:56:55'), ('9842bbf4-f22e-4c6f-a0f5-ca38323065cf', '1493463925789', '1493192536171', '1493266455256', null, '2017', '104.5600', '90.5600', '90.5600', '90.5600', '90.5600', '90.5600', '90.5600', '90.5600', '90.5600', '90.5600', '90.5600', '90.5600', '90.5600', '90.5600', '90.5600', '90.5600', '90.5600', '90.5600', '90.5600', '90.5600', '90.5600', '90.5600', '90.5600', '90.5600', '90.5600', '90.5600', '90.5600', '90.5600', '90.5600', '90.5600', '90.5600', '90.5600', '90.5600', '90.5600', '90.5600', '90.5600', '90.5600', '90.5600', '90.5600', '90.5600', '90.5600', '90.5600', '90.5600', '90.5600', '90.5600', '90.5600', '90.5600', '90.5600', '90.5600', '90.5600', '90.5600', '90.5600', '90.5600', '90.5600', null, null, null, null, null, null, null, null, null, null, null, null, null, null, null, null, null, null, null, null, null, null, null, null, null, null, null, null, null, null, null, null, null, null, null, null, null, null, null, null, null, null, null, null, null, null, null, null, null, null, null, null, null, '1493115984999', '电装运营管理员', '2017-05-04 21:23:54', '1493115984999', '电装运营管理员', '2017-05-06 20:04:47'), ('9c7957e9-3ceb-44ea-818f-ba15fa313f72', '1493463925789', '1493192488266', '1493266628502', null, '2017', '100.8900', '100.8900', '100.8900', '100.8900', '100.8900', '100.8900', '100.8900', '100.8900', '100.8900', '100.8900', '100.8900', '100.8900', '100.8900', '100.8900', '100.8900', '100.8900', '100.8900', '100.8900', '100.8900', '100.8900', '100.8900', '100.8900', '100.8900', '100.8900', '100.8900', '100.8900', '100.8900', '100.8900', '100.8900', '100.8900', '100.8900', '100.8900', '100.8900', '100.8900', '100.8900', '100.8900', '100.8900', '100.8900', '100.8900', '100.8900', '100.8900', '100.8900', '100.8900', '100.8900', '100.8900', '100.8900', '100.8900', '100.8900', '100.8900', '100.8900', '100.8900', '100.8900', '100.8900', '100.8900', null, null, null, null, null, null, null, null, null, null, null, null, null, null, null, null, null, null, null, null, null, null, null, null, null, null, null, null, null, null, null, null, null, null, null, null, null, null, null, null, null, null, null, null, null, null, null, null, null, null, null, null, null, '1493115984999', '电装运营管理员', '2017-05-04 21:23:50', '1493115984999', '电装运营管理员', '2017-05-06 20:04:45'), ('9d8d6a3a-bd39-4418-b056-cc0e89fd2a17', '1493463925789', '1493192536171', '1493198776966', null, '2017', '99.5600', '90.5600', '90.5600', '90.5600', '90.5600', '90.5600', '90.5600', '90.5600', '90.5600', '90.5600', '90.5600', '90.5600', '90.5600', '90.5600', '90.5600', '90.5600', '90.5600', '90.5600', '90.5600', '90.5600', '90.5600', '90.5600', '90.5600', '90.5600', '90.5600', '90.5600', '90.5600', '90.5600', '90.5600', '90.5600', '90.5600', '90.5600', '90.5600', '90.5600', '90.5600', '90.5600', '90.5600', '90.5600', '90.5600', '90.5600', '90.5600', '90.5600', '90.5600', '90.5600', '90.5600', '90.5600', '90.5600', '90.5600', '90.5600', '90.5600', '90.5600', '90.5600', '90.5600', '90.5600', null, null, null, null, null, null, null, null, null, null, null, null, null, null, null, null, null, null, null, null, null, null, null, null, null, null, null, null, null, null, null, null, null, null, null, null, null, null, null, null, null, null, null, null, null, null, null, null, null, null, null, null, null, '1493115984999', '电装运营管理员', '2017-05-04 21:23:54', '1493115984999', '电装运营管理员', '2017-05-06 20:04:47'), ('9fd36109-6bfe-46f9-8025-42709c002af7', '1493463925789', '1493192536171', '1493198852209', null, '2017', '88.5600', '90.5600', '90.5600', '90.5600', '90.5600', '90.5600', '90.5600', '90.5600', '90.5600', '90.5600', '90.5600', '90.5600', '90.5600', '90.5600', '90.5600', '90.5600', '90.5600', '90.5600', '90.5600', '90.5600', '90.5600', '90.5600', '90.5600', '90.5600', '90.5600', '90.5600', '90.5600', '90.5600', '90.5600', '90.5600', '90.5600', '90.5600', '90.5600', '90.5600', '90.5600', '90.5600', '90.5600', '90.5600', '90.5600', '90.5600', '90.5600', '90.5600', '90.5600', '90.5600', '90.5600', '90.5600', '90.5600', '90.5600', '90.5600', '90.5600', '90.5600', '90.5600', '90.5600', '90.5600', null, null, null, null, null, null, null, null, null, null, null, null, null, null, null, null, null, null, null, null, null, null, null, null, null, null, null, null, null, null, null, null, null, null, null, null, null, null, null, null, null, null, null, null, null, null, null, null, null, null, null, null, null, '1493115984999', '电装运营管理员', '2017-05-04 21:23:54', '1493115984999', '电装运营管理员', '2017-05-06 20:04:47'), ('a1e032a3-49ce-41d2-9edc-9e07b1decf28', '1493463925789', '1493192507963', '1493198776966', null, '2017', '88.1200', '88.1200', '88.1200', '88.1200', '88.1200', '88.1200', '88.1200', '88.1200', '88.1200', '88.1200', '88.1200', '88.1200', '88.1200', '88.1200', '88.1200', '88.1200', '88.1200', '88.1200', '88.1200', '88.1200', '88.1200', '88.1200', '88.1200', '88.1200', '88.1200', '88.1200', '88.1200', '88.1200', '88.1200', '88.1200', '88.1200', '88.1200', '88.1200', '88.1200', '88.1200', '88.1200', '88.1200', '88.1200', '88.1200', '88.1200', '88.1200', '88.1200', '88.1200', '88.1200', '88.1200', '88.1200', '88.1200', '88.1200', '88.1200', '88.1200', '88.1200', '88.1200', '88.1200', '88.1200', null, null, null, null, null, null, null, null, null, null, null, null, null, null, null, null, null, null, null, null, null, null, null, null, null, null, null, null, null, null, null, null, null, null, null, null, null, null, null, null, null, null, null, null, null, null, null, null, null, null, null, null, null, '1493115984999', '电装运营管理员', '2017-05-04 21:23:52', '1493115984999', '电装运营管理员', '2017-05-06 20:04:46'), ('afe1ffdd-6d38-4896-b23a-c9bbfa0250f2', '1493463925789', '1493192488266', '1493266616425', null, '2017', '100.8900', '100.8900', '100.8900', '100.8900', '100.8900', '100.8900', '100.8900', '100.8900', '100.8900', '100.8900', '100.8900', '100.8900', '100.8900', '100.8900', '100.8900', '100.8900', '100.8900', '100.8900', '100.8900', '100.8900', '100.8900', '100.8900', '100.8900', '100.8900', '100.8900', '100.8900', '100.8900', '100.8900', '100.8900', '100.8900', '100.8900', '100.8900', '100.8900', '100.8900', '100.8900', '100.8900', '100.8900', '100.8900', '100.8900', '100.8900', '100.8900', '100.8900', '100.8900', '100.8900', '100.8900', '100.8900', '100.8900', '100.8900', '100.8900', '100.8900', '100.8900', '100.8900', '100.8900', '100.8900', null, null, null, null, null, null, null, null, null, null, null, null, null, null, null, null, null, null, null, null, null, null, null, null, null, null, null, null, null, null, null, null, null, null, null, null, null, null, null, null, null, null, null, null, null, null, null, null, null, null, null, null, null, '1493115984999', '电装运营管理员', '2017-05-04 21:23:50', '1493115984999', '电装运营管理员', '2017-05-06 20:04:45'), ('b2002702-6031-4e4f-bfca-499b91b56f3c', '1493463925789', '1493192536171', '1493266440141', null, '2017', '93.5600', '90.5600', '90.5600', '90.5600', '90.5600', '90.5600', '90.5600', '90.5600', '90.5600', '90.5600', '90.5600', '90.5600', '90.5600', '90.5600', '90.5600', '90.5600', '90.5600', '90.5600', '90.5600', '90.5600', '90.5600', '90.5600', '90.5600', '90.5600', '90.5600', '90.5600', '90.5600', '90.5600', '90.5600', '90.5600', '90.5600', '90.5600', '90.5600', '90.5600', '90.5600', '90.5600', '90.5600', '90.5600', '90.5600', '90.5600', '90.5600', '90.5600', '90.5600', '90.5600', '90.5600', '90.5600', '90.5600', '90.5600', '90.5600', '90.5600', '90.5600', '90.5600', '90.5600', '90.5600', null, null, null, null, null, null, null, null, null, null, null, null, null, null, null, null, null, null, null, null, null, null, null, null, null, null, null, null, null, null, null, null, null, null, null, null, null, null, null, null, null, null, null, null, null, null, null, null, null, null, null, null, null, '1493115984999', '电装运营管理员', '2017-05-04 21:23:54', '1493115984999', '电装运营管理员', '2017-05-06 20:04:47'), ('b31af951-5b75-4b3d-9c9f-66da5e64f2fd', '1493463925789', '1493192507963', '1493266634316', null, '2017', '88.1200', '88.1200', '88.1200', '88.1200', '88.1200', '88.1200', '88.1200', '88.1200', '88.1200', '88.1200', '88.1200', '88.1200', '88.1200', '88.1200', '88.1200', '88.1200', '88.1200', '88.1200', '88.1200', '88.1200', '88.1200', '88.1200', '88.1200', '88.1200', '88.1200', '88.1200', '88.1200', '88.1200', '88.1200', '88.1200', '88.1200', '88.1200', '88.1200', '88.1200', '88.1200', '88.1200', '88.1200', '88.1200', '88.1200', '88.1200', '88.1200', '88.1200', '88.1200', '88.1200', '88.1200', '88.1200', '88.1200', '88.1200', '88.1200', '88.1200', '88.1200', '88.1200', '88.1200', '88.1200', null, null, null, null, null, null, null, null, null, null, null, null, null, null, null, null, null, null, null, null, null, null, null, null, null, null, null, null, null, null, null, null, null, null, null, null, null, null, null, null, null, null, null, null, null, null, null, null, null, null, null, null, null, '1493115984999', '电装运营管理员', '2017-05-04 21:23:52', '1493115984999', '电装运营管理员', '2017-05-06 20:04:46'), ('b99355ab-281e-402e-85b1-1970af3dab3e', '1493463925789', '1493192507963', '1493266609514', null, '2017', '88.1200', '88.1200', '88.1200', '88.1200', '88.1200', '88.1200', '88.1200', '88.1200', '88.1200', '88.1200', '88.1200', '88.1200', '88.1200', '88.1200', '88.1200', '88.1200', '88.1200', '88.1200', '88.1200', '88.1200', '88.1200', '88.1200', '88.1200', '88.1200', '88.1200', '88.1200', '88.1200', '88.1200', '88.1200', '88.1200', '88.1200', '88.1200', '88.1200', '88.1200', '88.1200', '88.1200', '88.1200', '88.1200', '88.1200', '88.1200', '88.1200', '88.1200', '88.1200', '88.1200', '88.1200', '88.1200', '88.1200', '88.1200', '88.1200', '88.1200', '88.1200', '88.1200', '88.1200', '88.1200', null, null, null, null, null, null, null, null, null, null, null, null, null, null, null, null, null, null, null, null, null, null, null, null, null, null, null, null, null, null, null, null, null, null, null, null, null, null, null, null, null, null, null, null, null, null, null, null, null, null, null, null, null, '1493115984999', '电装运营管理员', '2017-05-04 21:23:52', '1493115984999', '电装运营管理员', '2017-05-06 20:04:46'), ('c080f0f1-ca51-4300-87d1-db949f6566d8', '1493463925789', '1493192536171', '1493198827171', null, '2017', '94.5600', '90.5600', '90.5600', '90.5600', '90.5600', '90.5600', '90.5600', '90.5600', '90.5600', '90.5600', '90.5600', '90.5600', '90.5600', '90.5600', '90.5600', '90.5600', '90.5600', '90.5600', '90.5600', '90.5600', '90.5600', '90.5600', '90.5600', '90.5600', '90.5600', '90.5600', '90.5600', '90.5600', '90.5600', '90.5600', '90.5600', '90.5600', '90.5600', '90.5600', '90.5600', '90.5600', '90.5600', '90.5600', '90.5600', '90.5600', '90.5600', '90.5600', '90.5600', '90.5600', '90.5600', '90.5600', '90.5600', '90.5600', '90.5600', '90.5600', '90.5600', '90.5600', '90.5600', '90.5600', null, null, null, null, null, null, null, null, null, null, null, null, null, null, null, null, null, null, null, null, null, null, null, null, null, null, null, null, null, null, null, null, null, null, null, null, null, null, null, null, null, null, null, null, null, null, null, null, null, null, null, null, null, '1493115984999', '电装运营管理员', '2017-05-04 21:23:54', '1493115984999', '电装运营管理员', '2017-05-06 20:04:47'), ('c53bcc4a-7a4e-418e-b170-4169d58ed328', '1493463925789', '1493192507963', '1493266440141', null, '2017', '88.1200', '88.1200', '88.1200', '88.1200', '88.1200', '88.1200', '88.1200', '88.1200', '88.1200', '88.1200', '88.1200', '88.1200', '88.1200', '88.1200', '88.1200', '88.1200', '88.1200', '88.1200', '88.1200', '88.1200', '88.1200', '88.1200', '88.1200', '88.1200', '88.1200', '88.1200', '88.1200', '88.1200', '88.1200', '88.1200', '88.1200', '88.1200', '88.1200', '88.1200', '88.1200', '88.1200', '88.1200', '88.1200', '88.1200', '88.1200', '88.1200', '88.1200', '88.1200', '88.1200', '88.1200', '88.1200', '88.1200', '88.1200', '88.1200', '88.1200', '88.1200', '88.1200', '88.1200', '88.1200', null, null, null, null, null, null, null, null, null, null, null, null, null, null, null, null, null, null, null, null, null, null, null, null, null, null, null, null, null, null, null, null, null, null, null, null, null, null, null, null, null, null, null, null, null, null, null, null, null, null, null, null, null, '1493115984999', '电装运营管理员', '2017-05-04 21:23:52', '1493115984999', '电装运营管理员', '2017-05-06 20:04:46'), ('d4987775-7f35-42a7-8e92-e9bf116e2efa', '1493463925789', '1493192507963', '1493266470177', null, '2017', '88.1200', '88.1200', '88.1200', '88.1200', '88.1200', '88.1200', '88.1200', '88.1200', '88.1200', '88.1200', '88.1200', '88.1200', '88.1200', '88.1200', '88.1200', '88.1200', '88.1200', '88.1200', '88.1200', '88.1200', '88.1200', '88.1200', '88.1200', '88.1200', '88.1200', '88.1200', '88.1200', '88.1200', '88.1200', '88.1200', '88.1200', '88.1200', '88.1200', '88.1200', '88.1200', '88.1200', '88.1200', '88.1200', '88.1200', '88.1200', '88.1200', '88.1200', '88.1200', '88.1200', '88.1200', '88.1200', '88.1200', '88.1200', '88.1200', '88.1200', '88.1200', '88.1200', '88.1200', '88.1200', null, null, null, null, null, null, null, null, null, null, null, null, null, null, null, null, null, null, null, null, null, null, null, null, null, null, null, null, null, null, null, null, null, null, null, null, null, null, null, null, null, null, null, null, null, null, null, null, null, null, null, null, null, '1493115984999', '电装运营管理员', '2017-05-04 21:23:52', '1493115984999', '电装运营管理员', '2017-05-06 20:04:46'), ('d66b6b27-3bf3-4a47-9aa4-f04c6bfa3781', '1493463925789', '1493192507963', '1493266455256', null, '2017', '88.1200', '88.1200', '88.1200', '88.1200', '88.1200', '88.1200', '88.1200', '88.1200', '88.1200', '88.1200', '88.1200', '88.1200', '88.1200', '88.1200', '88.1200', '88.1200', '88.1200', '88.1200', '88.1200', '88.1200', '88.1200', '88.1200', '88.1200', '88.1200', '88.1200', '88.1200', '88.1200', '88.1200', '88.1200', '88.1200', '88.1200', '88.1200', '88.1200', '88.1200', '88.1200', '88.1200', '88.1200', '88.1200', '88.1200', '88.1200', '88.1200', '88.1200', '88.1200', '88.1200', '88.1200', '88.1200', '88.1200', '88.1200', '88.1200', '88.1200', '88.1200', '88.1200', '88.1200', '88.1200', null, null, null, null, null, null, null, null, null, null, null, null, null, null, null, null, null, null, null, null, null, null, null, null, null, null, null, null, null, null, null, null, null, null, null, null, null, null, null, null, null, null, null, null, null, null, null, null, null, null, null, null, null, '1493115984999', '电装运营管理员', '2017-05-04 21:23:52', '1493115984999', '电装运营管理员', '2017-05-06 20:04:46'), ('da46c725-5eba-4b35-8edb-8731883904b4', '1493463925789', '1493192536171', '1493266348554', null, '2017', '97.5600', '90.5600', '90.5600', '90.5600', '90.5600', '90.5600', '90.5600', '90.5600', '90.5600', '90.5600', '90.5600', '90.5600', '90.5600', '90.5600', '90.5600', '90.5600', '90.5600', '90.5600', '90.5600', '90.5600', '90.5600', '90.5600', '90.5600', '90.5600', '90.5600', '90.5600', '90.5600', '90.5600', '90.5600', '90.5600', '90.5600', '90.5600', '90.5600', '90.5600', '90.5600', '90.5600', '90.5600', '90.5600', '90.5600', '90.5600', '90.5600', '90.5600', '90.5600', '90.5600', '90.5600', '90.5600', '90.5600', '90.5600', '90.5600', '90.5600', '90.5600', '90.5600', '90.5600', '90.5600', null, null, null, null, null, null, null, null, null, null, null, null, null, null, null, null, null, null, null, null, null, null, null, null, null, null, null, null, null, null, null, null, null, null, null, null, null, null, null, null, null, null, null, null, null, null, null, null, null, null, null, null, null, '1493115984999', '电装运营管理员', '2017-05-04 21:23:54', '1493115984999', '电装运营管理员', '2017-05-06 20:04:47'), ('dcf7efe3-fde0-44d2-8cdc-e8f68ceefb6c', '1493463925789', '1493192507963', '1493176260925', null, '2017', '99.8700', '9999.0000', '9999.0000', '9999.0000', '9999.0000', '9999.0000', '9999.0000', '9999.0000', '9999.0000', '9999.0000', '9999.0000', '9999.0000', '9999.0000', '9999.0000', '9999.0000', '9999.0000', '9999.0000', '9999.0000', '9999.0000', '9999.0000', '9999.0000', '9999.0000', '9999.0000', '9999.0000', '9999.0000', '9999.0000', '9999.0000', '9999.0000', '9999.0000', '9999.0000', '9999.0000', '9999.0000', '9999.0000', '9999.0000', '9999.0000', '9999.0000', '9999.0000', '9999.0000', '9999.0000', '9999.0000', '9999.0000', '9999.0000', '9999.0000', '9999.0000', '9999.0000', '9999.0000', '9999.0000', '9999.0000', '9999.0000', '9999.0000', '9999.0000', '9999.0000', '9999.0000', '9999.0000', '50.0000', '50.0000', '50.0000', '50.0000', '50.0000', '50.0000', '50.0000', '50.0000', '50.0000', '50.0000', '50.0000', '50.0000', '50.0000', '50.0000', '50.0000', '50.0000', '50.0000', '50.0000', '50.0000', '50.0000', '50.0000', '50.0000', '50.0000', '50.0000', '50.0000', '50.0000', '50.0000', '50.0000', '50.0000', '50.0000', '50.0000', '50.0000', '50.0000', '50.0000', '50.0000', '50.0000', '50.0000', '50.0000', '50.0000', '50.0000', '50.0000', '50.0000', '50.0000', '50.0000', '50.0000', '50.0000', '50.0000', '50.0000', '50.0000', '50.0000', '50.0000', '50.0000', '50.0000', '1493115984999', '电装运营管理员', '2017-05-04 21:23:52', '1493115984999', '电装运营管理员', '2017-05-06 20:04:46'), ('e9abe5c3-a82f-422d-b8e8-49d41e3f86f0', '1493463925789', '1493192507963', '1493266595986', null, '2017', '88.1200', '88.1200', '88.1200', '88.1200', '88.1200', '88.1200', '88.1200', '88.1200', '88.1200', '88.1200', '88.1200', '88.1200', '88.1200', '88.1200', '88.1200', '88.1200', '88.1200', '88.1200', '88.1200', '88.1200', '88.1200', '88.1200', '88.1200', '88.1200', '88.1200', '88.1200', '88.1200', '88.1200', '88.1200', '88.1200', '88.1200', '88.1200', '88.1200', '88.1200', '88.1200', '88.1200', '88.1200', '88.1200', '88.1200', '88.1200', '88.1200', '88.1200', '88.1200', '88.1200', '88.1200', '88.1200', '88.1200', '88.1200', '88.1200', '88.1200', '88.1200', '88.1200', '88.1200', '88.1200', null, null, null, null, null, null, null, null, null, null, null, null, null, null, null, null, null, null, null, null, null, null, null, null, null, null, null, null, null, null, null, null, null, null, null, null, null, null, null, null, null, null, null, null, null, null, null, null, null, null, null, null, null, '1493115984999', '电装运营管理员', '2017-05-04 21:23:53', '1493115984999', '电装运营管理员', '2017-05-06 20:04:46'), ('e9b358be-9e50-4793-8beb-9691977adacc', '1493463925789', '1493192536171', '1493266609514', null, '2017', '98.5600', '90.5600', '90.5600', '90.5600', '90.5600', '90.5600', '90.5600', '90.5600', '90.5600', '90.5600', '90.5600', '90.5600', '90.5600', '90.5600', '90.5600', '90.5600', '90.5600', '90.5600', '90.5600', '90.5600', '90.5600', '90.5600', '90.5600', '90.5600', '90.5600', '90.5600', '90.5600', '90.5600', '90.5600', '90.5600', '90.5600', '90.5600', '90.5600', '90.5600', '90.5600', '90.5600', '90.5600', '90.5600', '90.5600', '90.5600', '90.5600', '90.5600', '90.5600', '90.5600', '90.5600', '90.5600', '90.5600', '90.5600', '90.5600', '90.5600', '90.5600', '90.5600', '90.5600', '90.5600', null, null, null, null, null, null, null, null, null, null, null, null, null, null, null, null, null, null, null, null, null, null, null, null, null, null, null, null, null, null, null, null, null, null, null, null, null, null, null, null, null, null, null, null, null, null, null, null, null, null, null, null, null, '1493115984999', '电装运营管理员', '2017-05-04 21:23:54', '1493115984999', '电装运营管理员', '2017-05-06 20:04:47');
COMMIT;

-- ----------------------------
--  Table structure for `norm_detail`
-- ----------------------------
DROP TABLE IF EXISTS `norm_detail`;
CREATE TABLE `norm_detail` (
  `id` varchar(50) NOT NULL COMMENT '编码',
  `meetingId` varchar(50) NOT NULL COMMENT '会议编码',
  `topicId` varchar(50) NOT NULL COMMENT '议题编码',
  `normId` varchar(50) NOT NULL COMMENT '指标编码',
  `year` int(11) NOT NULL COMMENT '年度',
  `productId` varchar(50) DEFAULT NULL COMMENT '产品编码',
  `name` varchar(50) NOT NULL COMMENT '不良现象名称',
  `wk1` decimal(10,0) DEFAULT NULL COMMENT 'wk1',
  `wk2` decimal(10,0) DEFAULT NULL COMMENT 'wk2',
  `wk3` decimal(10,0) DEFAULT NULL COMMENT 'wk3',
  `wk4` decimal(10,0) DEFAULT NULL COMMENT 'wk4',
  `wk5` decimal(10,0) DEFAULT NULL COMMENT 'wk5',
  `wk6` decimal(10,0) DEFAULT NULL COMMENT 'wk6',
  `wk7` decimal(10,0) DEFAULT NULL COMMENT 'wk7',
  `wk8` decimal(10,0) DEFAULT NULL COMMENT 'wk8',
  `wk9` decimal(10,0) DEFAULT NULL COMMENT 'wk9',
  `wk10` decimal(10,0) DEFAULT NULL COMMENT 'wk10',
  `wk11` decimal(10,0) DEFAULT NULL COMMENT 'wk11',
  `wk12` decimal(10,0) DEFAULT NULL COMMENT 'wk12',
  `wk13` decimal(10,0) DEFAULT NULL COMMENT 'wk13',
  `wk14` decimal(10,0) DEFAULT NULL COMMENT 'wk14',
  `wk15` decimal(10,0) DEFAULT NULL COMMENT 'wk15',
  `wk16` decimal(10,0) DEFAULT NULL COMMENT 'wk16',
  `wk17` decimal(10,0) DEFAULT NULL COMMENT 'wk17',
  `wk18` decimal(10,0) DEFAULT NULL COMMENT 'wk18',
  `wk19` decimal(10,0) DEFAULT NULL COMMENT 'wk19',
  `wk20` decimal(10,0) DEFAULT NULL COMMENT 'wk20',
  `wk21` decimal(10,0) DEFAULT NULL COMMENT 'wk21',
  `wk22` decimal(10,0) DEFAULT NULL COMMENT 'wk22',
  `wk23` decimal(10,0) DEFAULT NULL COMMENT 'wk23',
  `wk24` decimal(10,0) DEFAULT NULL COMMENT 'wk24',
  `wk25` decimal(10,0) DEFAULT NULL COMMENT 'wk25',
  `wk26` decimal(10,0) DEFAULT NULL COMMENT 'wk26',
  `wk27` decimal(10,0) DEFAULT NULL COMMENT 'wk27',
  `wk28` decimal(10,0) DEFAULT NULL COMMENT 'wk28',
  `wk29` decimal(10,0) DEFAULT NULL COMMENT 'wk29',
  `wk30` decimal(10,0) DEFAULT NULL COMMENT 'wk30',
  `wk31` decimal(10,0) DEFAULT NULL COMMENT 'wk31',
  `wk32` decimal(10,0) DEFAULT NULL COMMENT 'wk32',
  `wk33` decimal(10,0) DEFAULT NULL COMMENT 'wk33',
  `wk34` decimal(10,0) DEFAULT NULL COMMENT 'wk34',
  `wk35` decimal(10,0) DEFAULT NULL COMMENT 'wk35',
  `wk36` decimal(10,0) DEFAULT NULL COMMENT 'wk36',
  `wk37` decimal(10,0) DEFAULT NULL COMMENT 'wk37',
  `wk38` decimal(10,0) DEFAULT NULL COMMENT 'wk38',
  `wk39` decimal(10,0) DEFAULT NULL COMMENT 'wk39',
  `wk40` decimal(10,0) DEFAULT NULL COMMENT 'wk40',
  `wk41` decimal(10,0) DEFAULT NULL COMMENT 'wk41',
  `wk42` decimal(10,0) DEFAULT NULL COMMENT 'wk42',
  `wk43` decimal(10,0) DEFAULT NULL COMMENT 'wk43',
  `wk44` decimal(10,0) DEFAULT NULL COMMENT 'wk44',
  `wk45` decimal(10,0) DEFAULT NULL COMMENT 'wk45',
  `wk46` decimal(10,0) DEFAULT NULL COMMENT 'wk46',
  `wk47` decimal(10,0) DEFAULT NULL COMMENT 'wk47',
  `wk48` decimal(10,0) DEFAULT NULL COMMENT 'wk48',
  `wk49` decimal(10,0) DEFAULT NULL COMMENT 'wk49',
  `wk50` decimal(10,0) DEFAULT NULL COMMENT 'wk50',
  `wk51` decimal(10,0) DEFAULT NULL COMMENT 'wk51',
  `wk52` decimal(10,0) DEFAULT NULL COMMENT 'wk52',
  `wk53` decimal(10,0) DEFAULT NULL COMMENT 'wk53',
  `createUserId` varchar(50) NOT NULL COMMENT '创建人编码',
  `createUserName` varchar(50) NOT NULL COMMENT '创建人姓名',
  `createDate` datetime NOT NULL COMMENT '入库日期',
  `lastModifyUserId` varchar(50) DEFAULT NULL COMMENT '最后更新人编码',
  `lastModifyUserName` varchar(50) DEFAULT NULL COMMENT '最后更新人姓名',
  `lastModifyDate` timestamp NULL DEFAULT CURRENT_TIMESTAMP ON UPDATE CURRENT_TIMESTAMP COMMENT '最后更新时间',
  PRIMARY KEY (`id`),
  KEY `fk_norm_detail_meeting_id_idx` (`meetingId`),
  KEY `fk_norm_detail_topic_id_idx` (`topicId`),
  KEY `fk_norm_detail_norm_id_idx` (`normId`),
  CONSTRAINT `fk_norm_detail_meeting_id` FOREIGN KEY (`meetingId`) REFERENCES `meeting` (`id`) ON DELETE NO ACTION ON UPDATE NO ACTION,
  CONSTRAINT `fk_norm_detail_norm_id` FOREIGN KEY (`normId`) REFERENCES `norm` (`id`) ON DELETE NO ACTION ON UPDATE NO ACTION,
  CONSTRAINT `fk_norm_detail_topic_id` FOREIGN KEY (`topicId`) REFERENCES `topic` (`id`) ON DELETE NO ACTION ON UPDATE NO ACTION
) ENGINE=InnoDB DEFAULT CHARSET=utf8 COMMENT='指标不良数据明细(norm_detail)';

-- ----------------------------
--  Records of `norm_detail`
-- ----------------------------
BEGIN;
INSERT INTO `norm_detail` VALUES ('1ee76781-9b32-4d1a-a130-96f5c4ec4cfd', '1493463925789', '1493192488266', '1493176260925', '2017', '', '掉线', '4', '6', '7', '5', '1', '3', '4', '4', '4', '6', '5', '4', '5', '5', '5', '5', '3', '3', '3', '3', '0', '0', '0', '0', '0', '0', '0', '0', '0', '0', '0', '0', '0', '0', '0', '0', '0', '0', '0', '0', '0', '0', '0', '0', '0', '0', '0', '0', '0', '0', '0', '0', '0', '1493115984999', '电装运营管理员', '2017-05-09 20:42:16', null, null, null), ('42a9a1fb-3d67-4bf1-8470-72f64ffe5d8e', '1493463925789', '1493192521889', '1493198794878', '2017', '', 'EHRV0.9', '10', '0', '0', '0', '0', '0', '0', '0', '0', '0', '0', '0', '0', '0', '0', '0', '0', '0', '0', '0', '0', '0', '0', '0', '0', '0', '0', '0', '0', '0', '0', '0', '0', '0', '0', '0', '0', '0', '0', '0', '0', '0', '0', '0', '0', '0', '0', '0', '0', '0', '0', '0', '0', '1493115984999', '电装运营管理员', '2017-05-07 21:51:42', null, null, null), ('5ef4c147-46e1-4326-aa8c-652a28e80c0b', '1493463925789', '1493192488266', '1493176260925', '2017', '', '脱胶', '3', '1', '1', '2', '1', '2', '2', '1', '3', '2', '3', '3', '3', '3', '3', '3', '3', '2', '2', '1', '0', '0', '0', '0', '0', '0', '0', '0', '0', '0', '0', '0', '0', '0', '0', '0', '0', '0', '0', '0', '0', '0', '0', '0', '0', '0', '0', '0', '0', '0', '0', '0', '0', '1493115984999', '电装运营管理员', '2017-05-09 20:38:06', '1493115984999', '电装运营管理员', '2017-05-10 20:23:51'), ('69bdacc0-5013-4aae-844c-cc642ae8815b', '1493463925789', '1493192488266', '1493176260925', '2017', '', 'UE不通', '6', '8', '8', '8', '8', '8', '9', '9', '5', '5', '7', '7', '7', '8', '8', '8', '8', '8', '8', '8', '0', '0', '0', '0', '0', '0', '0', '0', '0', '0', '0', '0', '0', '0', '0', '0', '0', '0', '0', '0', '0', '0', '0', '0', '0', '0', '0', '0', '0', '0', '0', '0', '0', '1493115984999', '电装运营管理员', '2017-05-09 20:47:50', null, null, null), ('7522692d-e0fa-49cd-a6cd-9171d1defe9b', '1493463925789', '1493192488266', '1493176260925', '2017', '', '边角碎', '6', '6', '6', '6', '6', '7', '7', '7', '7', '7', '7', '7', '7', '7', '7', '7', '7', '7', '7', '7', '0', '0', '0', '0', '0', '0', '0', '0', '0', '0', '0', '0', '0', '0', '0', '0', '0', '0', '0', '0', '0', '0', '0', '0', '0', '0', '0', '0', '0', '0', '0', '0', '0', '1493115984999', '电装运营管理员', '2017-05-09 20:45:23', null, null, null), ('786943d6-ae40-4572-b701-81a41bbf08a9', '1493463925789', '1493192488266', '1493176260925', '2017', '', '表面粗糙', '9', '9', '9', '8', '9', '10', '0', '0', '0', '0', '0', '0', '0', '0', '0', '0', '0', '0', '6', '0', '0', '0', '0', '0', '0', '0', '0', '0', '0', '0', '0', '0', '0', '0', '0', '0', '0', '0', '0', '0', '0', '0', '0', '0', '0', '0', '0', '0', '0', '0', '0', '0', '0', '1493115984999', '电装运营管理员', '2017-05-07 21:38:27', '1493115984999', '电装运营管理员', '2017-05-09 22:08:16'), ('84a99b37-f190-46b5-98e2-56a6aaf0b3ae', '1493463925789', '1493192488266', '1493176260925', '2017', 'A1098766544', 'CPS测试失败', '20', '20', '20', '20', '20', '20', '20', '20', '20', '20', '20', '20', '20', '20', '20', '25', '25', '25', '25', '25', '25', '25', '25', '25', '25', '0', '0', '0', '0', '0', '0', '0', '0', '0', '0', '0', '0', '0', '0', '0', '0', '0', '0', '0', '0', '0', '0', '0', '0', '0', '0', '0', '0', '1493115984999', '电装运营管理员', '2017-05-06 20:23:00', '1493115984999', '电装运营管理员', '2017-05-07 21:31:44'), ('8d38a769-ae8f-4883-8925-2be6cad515e2', '1493463925789', '1493192488266', '1493176260925', '2017', '', '穿孔', '5', '5', '5', '5', '5', '5', '5', '5', '5', '5', '5', '5', '5', '5', '5', '5', '5', '5', '5', '8', '0', '0', '0', '0', '0', '0', '0', '0', '0', '0', '0', '0', '0', '0', '0', '0', '0', '0', '0', '0', '0', '0', '0', '0', '0', '0', '0', '0', '0', '0', '0', '0', '0', '1493115984999', '电装运营管理员', '2017-05-09 20:46:15', null, null, null), ('b3db8be5-a15a-435f-bd91-6ccb293daa50', '1493463925789', '1493192488266', '1493176260925', '2017', '', 'ABS穿透', '3', '5', '7', '3', '4', '5', '6', '5', '5', '6', '3', '5', '7', '6', '5', '6', '6', '4', '10', '9', '0', '0', '0', '0', '0', '0', '0', '0', '0', '0', '0', '0', '0', '0', '0', '0', '0', '0', '0', '0', '0', '0', '0', '0', '0', '0', '0', '0', '0', '0', '0', '0', '0', '1493115984999', '电装运营管理员', '2017-05-09 20:37:11', null, null, null), ('c5e4cb47-8fd1-4611-875d-56f3494ef59c', '1493463925789', '1493192488266', '1493176260925', '2017', '', 'QC不通过', '2', '2', '2', '2', '2', '2', '2', '2', '2', '2', '6', '6', '6', '6', '6', '6', '6', '6', '6', '6', '0', '0', '0', '0', '0', '0', '0', '0', '0', '0', '0', '0', '0', '0', '0', '0', '0', '0', '0', '0', '0', '0', '0', '0', '0', '0', '0', '0', '0', '0', '0', '0', '0', '1493115984999', '电装运营管理员', '2017-05-09 20:43:13', null, null, null), ('d7ba8e6e-7e1e-4f88-9061-cee28f7e1270', '1493463925789', '1493192488266', '1493176260925', '2017', 'A109876654C', 'FE接口不良', '50', '50', '50', '50', '50', '50', '50', '50', '50', '50', '50', '50', '50', '70', '70', '70', '70', '70', '70', '70', '70', '70', '70', null, null, null, null, null, null, null, null, null, null, null, null, null, null, null, null, null, null, null, null, null, null, null, null, null, null, null, null, null, null, '1493115984999', '电装运营管理员', '2017-05-06 20:23:00', '1493115984999', '电装运营管理员', '2017-05-06 20:34:13');
COMMIT;

-- ----------------------------
--  Table structure for `topic`
-- ----------------------------
DROP TABLE IF EXISTS `topic`;
CREATE TABLE `topic` (
  `id` varchar(50) NOT NULL COMMENT '议题编码',
  `name` varchar(50) NOT NULL COMMENT '议题名称',
  `category` varchar(50) NOT NULL COMMENT '分类',
  `pcode` varchar(50) DEFAULT NULL COMMENT '拼音码',
  `status` char(1) NOT NULL DEFAULT '1' COMMENT '状态',
  `createUserId` varchar(50) NOT NULL COMMENT '创建人编码',
  `createUserName` varchar(50) NOT NULL COMMENT '创建人姓名',
  `createDate` datetime NOT NULL COMMENT '入库日期',
  `lastModifyUserId` varchar(50) DEFAULT NULL COMMENT '最后更新人编码',
  `lastModifyUserName` varchar(50) DEFAULT NULL COMMENT '最后更新人姓名',
  `lastModifyDate` timestamp NULL DEFAULT CURRENT_TIMESTAMP ON UPDATE CURRENT_TIMESTAMP COMMENT '最后更新时间',
  PRIMARY KEY (`id`)
) ENGINE=InnoDB DEFAULT CHARSET=utf8 COMMENT='议题(topic)';

-- ----------------------------
--  Records of `topic`
-- ----------------------------
BEGIN;
INSERT INTO `topic` VALUES ('1493192488266', 'Attendance Record', '01', 'Attendance Record', '1', '1493115984999', '电桩运营管理员', '2017-04-26 15:41:28', '1493115984999', '电桩运营管理员', '2017-04-26 15:52:58'), ('1493192507963', 'Down time review', '01', 'Down time review', '1', '1493115984999', '电桩运营管理员', '2017-04-26 15:41:48', '1493115984999', '电桩运营管理员', '2017-04-26 15:57:47'), ('1493192521889', 'Build Plan', '01', 'Build Plan', '1', '1493115984999', '电桩运营管理员', '2017-04-26 15:42:02', '1493115984999', '电桩运营管理员', '2017-04-26 15:57:59'), ('1493192536171', 'WIP Review', '01', 'WIP Review', '1', '1493115984999', '电桩运营管理员', '2017-04-26 15:42:16', '1493115984999', '电桩运营管理员', '2017-04-26 15:58:04');
COMMIT;

-- ----------------------------
--  Table structure for `topic_norm`
-- ----------------------------
DROP TABLE IF EXISTS `topic_norm`;
CREATE TABLE `topic_norm` (
  `id` varchar(50) NOT NULL COMMENT '编码',
  `topicId` varchar(50) NOT NULL COMMENT '议题编码',
  `normId` varchar(50) NOT NULL COMMENT '指标编码',
  `status` char(1) NOT NULL DEFAULT '1' COMMENT '状态',
  `createUserId` varchar(50) NOT NULL COMMENT '创建人编码',
  `createUserName` varchar(50) NOT NULL COMMENT '创建人姓名',
  `createDate` datetime NOT NULL COMMENT '入库日期',
  `lastModifyUserId` varchar(50) DEFAULT NULL COMMENT '最后更新人编码',
  `lastModifyUserName` varchar(50) DEFAULT NULL COMMENT '最后更新人姓名',
  `lastModifyDate` timestamp NULL DEFAULT CURRENT_TIMESTAMP ON UPDATE CURRENT_TIMESTAMP COMMENT '最后更新时间',
  PRIMARY KEY (`id`)
) ENGINE=InnoDB DEFAULT CHARSET=utf8 COMMENT='议题指标设置(topic_norm_cfg)';

-- ----------------------------
--  Records of `topic_norm`
-- ----------------------------
BEGIN;
INSERT INTO `topic_norm` VALUES ('023d69fe-af34-499b-a492-8a92dfec4a97', '1493192507963', '1493176260925', '1', '1493115984999', '电装运营管理员', '2017-05-01 17:38:34', null, null, null), ('0c35b6ab-c54e-4769-885b-d2200d2af240', '1493192488266', '1493266213037', '1', '1493115984999', '电装运营管理员', '2017-04-27 15:32:55', null, null, null), ('1064459d-3ad4-4246-acaa-19150305c8c0', '1493192488266', '1493266622132', '1', '1493115984999', '电装运营管理员', '2017-04-27 15:32:55', null, null, null), ('12f0f994-b391-495f-bb3b-7eeb5c6feead', '1493192536171', '1493266213037', '1', '1493115984999', '电装运营管理员', '2017-05-01 17:38:53', null, null, null), ('13f9f970-4989-4f26-b8d1-829de8a55d93', '1493192536171', '1493198852209', '1', '1493115984999', '电装运营管理员', '2017-05-01 17:38:53', null, null, null), ('2153faec-6fbb-49df-941c-169243640522', '1493192507963', '1493266455256', '1', '1493115984999', '电装运营管理员', '2017-05-01 17:38:34', null, null, null), ('22f942a5-d4f9-4571-a253-1c571c341b04', '1493192507963', '1493266622132', '1', '1493115984999', '电装运营管理员', '2017-05-01 17:38:34', null, null, null), ('241b1ee5-93eb-4a32-8c3d-69575009e541', '1493192488266', '1493266628502', '1', '1493115984999', '电装运营管理员', '2017-04-27 15:32:55', null, null, null), ('304d3416-94d7-45e0-a0b0-36fbb5de4f57', '1493192488266', '1493266616425', '1', '1493115984999', '电装运营管理员', '2017-04-27 15:32:55', null, null, null), ('3199255c-1226-4495-b006-a9902e9dc7ee', '1493192507963', '1493266634316', '1', '1493115984999', '电装运营管理员', '2017-05-01 17:38:34', null, null, null), ('34a0bd84-79f4-4a63-9920-7eedcd35af4c', '1493192488266', '1493266470177', '1', '1493115984999', '电装运营管理员', '2017-04-27 15:32:55', null, null, null), ('40699ea3-316e-426e-8c7f-a8ce3f6633b3', '1493192507963', '1493266628502', '1', '1493115984999', '电装运营管理员', '2017-05-01 17:38:34', null, null, null), ('44796d2d-fe73-4f8d-b8a4-ac752eb9411c', '1493192521889', '1493198794878', '1', '1493115984999', '电装运营管理员', '2017-05-01 17:38:43', null, null, null), ('48879238-6725-4b4b-ab18-3ba0deef01f2', '1493192488266', '1493198827171', '1', '1493115984999', '电装运营管理员', '2017-04-27 15:32:55', null, null, null), ('4947b2d4-d0d4-4ae2-81e7-6c1ec3253fb9', '1493192507963', '1493266213037', '1', '1493115984999', '电装运营管理员', '2017-05-01 17:38:34', null, null, null), ('4cb41531-9a21-4510-b4ac-5c9b7169846b', '1493192507963', '1493266440141', '1', '1493115984999', '电装运营管理员', '2017-05-01 17:38:34', null, null, null), ('4e96287e-ad64-4496-9cdd-7e508241910b', '1493192521889', '1493198880510', '1', '1493115984999', '电装运营管理员', '2017-05-01 17:38:43', null, null, null), ('4f2b6cb5-338c-457c-bc5c-f47c4ae8c119', '1493192507963', '1493266470177', '1', '1493115984999', '电装运营管理员', '2017-05-01 17:38:34', null, null, null), ('5354545f-b6ec-4219-93f4-50451c8be7d7', '1493192536171', '1493176260925', '1', '1493115984999', '电装运营管理员', '2017-05-01 17:38:53', null, null, null), ('53e7c714-deb4-42c1-a4f5-46f64adc36e2', '1493192536171', '1493266595986', '1', '1493115984999', '电装运营管理员', '2017-05-01 17:38:53', null, null, null), ('5e6320d3-bd11-41c7-8098-6f5be36f4c6a', '1493192536171', '1493198880510', '1', '1493115984999', '电装运营管理员', '2017-05-01 17:38:53', null, null, null), ('5efb16b8-698a-47ce-987e-e7edfa74cdd3', '1493192521889', '1493266628502', '1', '1493115984999', '电装运营管理员', '2017-05-01 17:38:43', null, null, null), ('62823183-2bec-4b23-9308-bc0b19c116fb', '1493192536171', '1493266622132', '1', '1493115984999', '电装运营管理员', '2017-05-01 17:38:53', null, null, null), ('704d3437-99da-4c21-8090-a2e97f7d7505', '1493192507963', '1493266348554', '1', '1493115984999', '电装运营管理员', '2017-05-01 17:38:34', null, null, null), ('7087c9da-6204-4958-ba26-7d2f6e9a7951', '1493192488266', '1493198776966', '1', '1493115984999', '电装运营管理员', '2017-04-27 15:32:55', null, null, null), ('892078f8-75c2-4297-8d26-2c29cd1e56c0', '1493192536171', '1493266440141', '1', '1493115984999', '电装运营管理员', '2017-05-01 17:38:53', null, null, null), ('8bd4ea39-b67a-4a02-ab64-ab04e3070e72', '1493192488266', '1493176260925', '1', '1493115984999', '电装运营管理员', '2017-04-27 15:32:55', null, null, null), ('8d5dae48-2950-4754-b3c0-44b2cbf02720', '1493192536171', '1493198827171', '1', '1493115984999', '电装运营管理员', '2017-05-01 17:38:53', null, null, null), ('8f5f29d1-de7c-4204-a091-53c9447cbcf4', '1493192488266', '1493266440141', '1', '1493115984999', '电装运营管理员', '2017-04-27 15:32:55', null, null, null), ('95b6bf55-aafc-47d6-94c9-db134cb9b3d8', '1493192536171', '1493266470177', '1', '1493115984999', '电装运营管理员', '2017-05-01 17:38:53', null, null, null), ('973c86ab-ba1b-409f-863d-a77fe7d393a6', '1493192536171', '1493266628502', '1', '1493115984999', '电装运营管理员', '2017-05-01 17:38:53', null, null, null), ('a26ba947-836c-48ca-bde2-0d062a0f1c85', '1493192488266', '1493266634316', '1', '1493115984999', '电装运营管理员', '2017-04-27 15:32:55', null, null, null), ('a60ccf94-f8bf-4ea8-b57d-89ff35b05e3e', '1493192536171', '1493266348554', '1', '1493115984999', '电装运营管理员', '2017-05-01 17:38:53', null, null, null), ('a6a06593-db32-4c50-b143-51c8679d1f48', '1493192488266', '1493266348554', '1', '1493115984999', '电装运营管理员', '2017-04-27 15:32:55', null, null, null), ('a924596a-4792-4165-8e4a-42af01705c61', '1493192488266', '1493198794878', '1', '1493115984999', '电装运营管理员', '2017-04-27 15:32:55', null, null, null), ('ae1369b9-2823-4de5-8d70-1f2d44671e16', '1493192536171', '1493266609514', '1', '1493115984999', '电装运营管理员', '2017-05-01 17:38:53', null, null, null), ('b4a6515e-8518-4f1c-9ebd-0420b35a8bc7', '1493192521889', '1493266470177', '1', '1493115984999', '电装运营管理员', '2017-05-01 17:38:43', null, null, null), ('b75af559-e696-4b12-94b1-9838b00c738b', '1493192536171', '1493198776966', '1', '1493115984999', '电装运营管理员', '2017-05-01 17:38:53', null, null, null), ('b88d3985-ee3d-4efe-b26d-abbbcdf3d606', '1493192507963', '1493266609514', '1', '1493115984999', '电装运营管理员', '2017-05-01 17:38:34', null, null, null), ('ba3c2152-c2c8-42cc-a4a8-3787b98c4233', '1493192488266', '1493266455256', '1', '1493115984999', '电装运营管理员', '2017-04-27 15:32:55', null, null, null), ('bccb17ea-36c3-481a-b207-d756515d3a2c', '1493192488266', '1493266609514', '1', '1493115984999', '电装运营管理员', '2017-04-27 15:32:55', null, null, null), ('c4912fc1-2c75-408f-963a-0486ada1f7ba', '1493192488266', '1493198880510', '1', '1493115984999', '电装运营管理员', '2017-04-27 15:32:55', null, null, null), ('c8df2c4c-c7d9-497d-8f63-8aaaeee27030', '1493192536171', '1493198794878', '1', '1493115984999', '电装运营管理员', '2017-05-01 17:38:53', null, null, null), ('cb7f03eb-9b7c-4c83-ad9d-396b951f99d4', '1493192536171', '1493266616425', '1', '1493115984999', '电装运营管理员', '2017-05-01 17:38:53', null, null, null), ('ce609a4f-d7ff-45ca-971b-c2426cf70425', '1493192536171', '1493266634316', '1', '1493115984999', '电装运营管理员', '2017-05-01 17:38:53', null, null, null), ('df60a1b5-d0c6-4b51-abd4-c0315c6c0e4a', '1493192507963', '1493198776966', '1', '1493115984999', '电装运营管理员', '2017-05-01 17:38:34', null, null, null), ('e1510525-39d9-46cb-b147-880f52b7cb35', '1493192536171', '1493266368068', '1', '1493115984999', '电装运营管理员', '2017-05-01 17:38:53', null, null, null), ('e7fd9ebd-41e4-4661-8af3-b0a09d77261e', '1493192507963', '1493266368068', '1', '1493115984999', '电装运营管理员', '2017-05-01 17:38:34', null, null, null), ('f45e8596-6181-42e4-b468-a8063ed6e5a8', '1493192507963', '1493266595986', '1', '1493115984999', '电装运营管理员', '2017-05-01 17:38:34', null, null, null), ('f802bada-8251-41da-b3f9-609e3c8b0736', '1493192488266', '1493266595986', '1', '1493115984999', '电装运营管理员', '2017-04-27 15:32:55', null, null, null), ('f9f28330-6fa2-46b3-aecf-b00665c7a713', '1493192536171', '1493266455256', '1', '1493115984999', '电装运营管理员', '2017-05-01 17:38:53', null, null, null), ('fbd8180d-e1f3-42d5-9c59-a697b3e6a11b', '1493192488266', '1493266368068', '1', '1493115984999', '电装运营管理员', '2017-04-27 15:32:55', null, null, null), ('fd346782-3949-4fff-8b8a-142899c3e0a9', '1493192507963', '1493266616425', '1', '1493115984999', '电装运营管理员', '2017-05-01 17:38:34', null, null, null);
COMMIT;

-- ----------------------------
--  Table structure for `tpa`
-- ----------------------------
DROP TABLE IF EXISTS `tpa`;
CREATE TABLE `tpa` (
  `id` varchar(50) NOT NULL COMMENT '编码',
  `meetingId` varchar(50) NOT NULL COMMENT '会议编码',
  `topicId` varchar(50) NOT NULL COMMENT '议题编码',
  `normId` varchar(50) NOT NULL COMMENT '指标编码',
  `productId` varchar(50) NOT NULL COMMENT '产品编码',
  `probDiscri` varchar(500) NOT NULL COMMENT '问题描述',
  `probAnsys` varchar(500) NOT NULL COMMENT '原因分析',
  `actions` varchar(500) NOT NULL COMMENT '改善措施',
  `liable` varchar(50) NOT NULL COMMENT '责任人',
  `deptId` varchar(50) NOT NULL COMMENT '归属部门',
  `status` varchar(50) NOT NULL DEFAULT '1' COMMENT '任务状态',
  `createUserId` varchar(50) NOT NULL COMMENT '创建人编码',
  `createUserName` varchar(50) DEFAULT NULL,
  `createDate` datetime DEFAULT NULL COMMENT '实际完成时间',
  `lastModifyUserId` varchar(50) DEFAULT NULL COMMENT '最后更新人编码',
  `lastModifyUserName` varchar(50) DEFAULT NULL COMMENT '最后更新人姓名',
  `lastModifyDate` timestamp NULL DEFAULT CURRENT_TIMESTAMP ON UPDATE CURRENT_TIMESTAMP COMMENT '计划完成时间',
  PRIMARY KEY (`id`),
  KEY `fk_tpa_meeting_id_idx` (`meetingId`),
  KEY `fk_tpa_topic_id_idx` (`topicId`),
  KEY `fk_tpa_norm_id_idx` (`normId`),
  CONSTRAINT `fk_tpa_meeting_id` FOREIGN KEY (`meetingId`) REFERENCES `meeting` (`id`) ON DELETE NO ACTION ON UPDATE NO ACTION,
  CONSTRAINT `fk_tpa_norm_id` FOREIGN KEY (`normId`) REFERENCES `norm` (`id`) ON DELETE NO ACTION ON UPDATE NO ACTION,
  CONSTRAINT `fk_tpa_topic_id` FOREIGN KEY (`topicId`) REFERENCES `topic` (`id`) ON DELETE NO ACTION ON UPDATE NO ACTION
) ENGINE=InnoDB DEFAULT CHARSET=utf8 COMMENT='TOP问题分析(tpa)';

-- ----------------------------
--  Records of `tpa`
-- ----------------------------
BEGIN;
INSERT INTO `tpa` VALUES ('1494409521535', '1493463925789', '1493192488266', '1493176260925', 'A109876654C', 'FE接口不良', '设备故障', '维修', '1490955807964', '', '1', '1493115984999', '电装运营管理员', '2017-05-10 17:45:22', '1493115984999', '电装运营管理员', '2017-05-19 00:00:00'), ('1494417252642', '1493463925789', '1493192488266', '1493176260925', 'A1098766544', 'CPS测试失败', '流程出问题', '加强管理', '1493115984999', '', '2', '1493115984999', '电装运营管理员', '2017-05-18 00:00:00', '1493115984999', '电装运营管理员', '2017-05-15 17:02:36'), ('1494424175254', '1493463925789', '1493192488266', '1493176260925', 'ES0001', '脱胶', '故障UEJSFF', '故障UEJSFF', '1493115984999', '00010003', '1', '1493115984999', '电装运营管理员', '2017-05-10 00:00:00', '1490955807964', '数据库管理员', '2017-05-15 00:00:00');
COMMIT;

SET FOREIGN_KEY_CHECKS = 1;
